TrainPath,TrainID,TrainForm,,TestPath,TestID,TestForm
/directory/IAM/Forms/a01-000u.png,Iam-0000,a01-000u,,/directory/IAM/Forms/m04-231.png,Iam-0550,m04-231
/directory/IAM/Forms/a01-003u.png,Iam-0000,a01-003u,,/directory/IAM/Forms/m04-238.png,Iam-0550,m04-238
/directory/IAM/Forms/a01-007u.png,Iam-0000,a01-007u,,/directory/IAM/Forms/m04-246.png,Iam-0550,m04-246
/directory/IAM/Forms/a01-011u.png,Iam-0000,a01-011u,,/directory/IAM/Forms/n04-000.png,Iam-0550,n04-000
/directory/IAM/Forms/a01-014u.png,Iam-0000,a01-014u,,/directory/IAM/Forms/n04-009.png,Iam-0550,n04-009
/directory/IAM/Forms/a01-020u.png,Iam-0000,a01-020u,,/directory/IAM/Forms/m06-019.png,Iam-0551,m06-019
/directory/IAM/Forms/a01-026u.png,Iam-0000,a01-026u,,/directory/IAM/Forms/n06-148.png,Iam-0551,n06-148
/directory/IAM/Forms/a01-030u.png,Iam-0000,a01-030u,,/directory/IAM/Forms/n06-156.png,Iam-0551,n06-156
/directory/IAM/Forms/a01-043u.png,Iam-0000,a01-043u,,/directory/IAM/Forms/n06-163.png,Iam-0551,n06-163
/directory/IAM/Forms/a01-049u.png,Iam-0000,a01-049u,,/directory/IAM/Forms/n06-169.png,Iam-0551,n06-169
/directory/IAM/Forms/a01-049x.png,Iam-0000,a01-049x,,/directory/IAM/Forms/n06-175.png,Iam-0551,n06-175
/directory/IAM/Forms/a01-053u.png,Iam-0000,a01-053u,,/directory/IAM/Forms/n06-182.png,Iam-0551,n06-182
/directory/IAM/Forms/a01-058u.png,Iam-0000,a01-058u,,/directory/IAM/Forms/n06-186.png,Iam-0551,n06-186
/directory/IAM/Forms/a01-063u.png,Iam-0000,a01-063u,,/directory/IAM/Forms/n06-194.png,Iam-0551,n06-194
/directory/IAM/Forms/a01-068u.png,Iam-0000,a01-068u,,/directory/IAM/Forms/n06-201.png,Iam-0551,n06-201
/directory/IAM/Forms/a01-072u.png,Iam-0000,a01-072u,,/directory/IAM/Forms/n01-000.png,Iam-0553,n01-000
/directory/IAM/Forms/a01-077u.png,Iam-0000,a01-077u,,/directory/IAM/Forms/n01-009.png,Iam-0553,n01-009
/directory/IAM/Forms/a01-082u.png,Iam-0000,a01-082u,,/directory/IAM/Forms/n01-004.png,Iam-0554,n01-004
/directory/IAM/Forms/a01-087u.png,Iam-0000,a01-087u,,/directory/IAM/Forms/n01-020.png,Iam-0555,n01-020
/directory/IAM/Forms/a01-091u.png,Iam-0000,a01-091u,,/directory/IAM/Forms/n01-031.png,Iam-0555,n01-031
/directory/IAM/Forms/a01-096u.png,Iam-0000,a01-096u,,/directory/IAM/Forms/n01-045.png,Iam-0555,n01-045
/directory/IAM/Forms/a01-102u.png,Iam-0000,a01-102u,,/directory/IAM/Forms/n01-036.png,Iam-0556,n01-036
/directory/IAM/Forms/a01-107u.png,Iam-0000,a01-107u,,/directory/IAM/Forms/n01-052.png,Iam-0557,n01-052
/directory/IAM/Forms/a01-113u.png,Iam-0000,a01-113u,,/directory/IAM/Forms/n01-057.png,Iam-0558,n01-057
/directory/IAM/Forms/a01-117u.png,Iam-0000,a01-117u,,/directory/IAM/Forms/n02-000.png,Iam-0559,n02-000
/directory/IAM/Forms/a01-122u.png,Iam-0000,a01-122u,,/directory/IAM/Forms/n02-016.png,Iam-0559,n02-016
/directory/IAM/Forms/a01-128u.png,Iam-0000,a01-128u,,/directory/IAM/Forms/n02-004.png,Iam-0560,n02-004
/directory/IAM/Forms/a01-132u.png,Iam-0000,a01-132u,,/directory/IAM/Forms/n02-009.png,Iam-0560,n02-009
/directory/IAM/Forms/a01-132x.png,Iam-0000,a01-132x,,/directory/IAM/Forms/n02-028.png,Iam-0561,n02-028
/directory/IAM/Forms/a03-050.png,Iam-0000,a03-050,,/directory/IAM/Forms/n02-049.png,Iam-0561,n02-049
/directory/IAM/Forms/a03-071.png,Iam-0000,a03-071,,/directory/IAM/Forms/n02-033.png,Iam-0562,n02-033
/directory/IAM/Forms/a03-073.png,Iam-0000,a03-073,,/directory/IAM/Forms/n02-037.png,Iam-0562,n02-037
/directory/IAM/Forms/a03-080.png,Iam-0000,a03-080,,/directory/IAM/Forms/n02-040.png,Iam-0563,n02-040
/directory/IAM/Forms/a03-089.png,Iam-0000,a03-089,,/directory/IAM/Forms/n02-045.png,Iam-0563,n02-045
/directory/IAM/Forms/a05-000.png,Iam-0000,a05-000,,/directory/IAM/Forms/n02-054.png,Iam-0564,n02-054
/directory/IAM/Forms/a05-013.png,Iam-0000,a05-013,,/directory/IAM/Forms/n02-062.png,Iam-0565,n02-062
/directory/IAM/Forms/a05-017.png,Iam-0000,a05-017,,/directory/IAM/Forms/n02-082a.png,Iam-0566,n02-082a
/directory/IAM/Forms/a05-022.png,Iam-0000,a05-022,,/directory/IAM/Forms/n02-098.png,Iam-0567,n02-098
/directory/IAM/Forms/a05-025.png,Iam-0000,a05-025,,/directory/IAM/Forms/p03-057.png,Iam-0567,p03-057
/directory/IAM/Forms/a05-029.png,Iam-0000,a05-029,,/directory/IAM/Forms/p03-087.png,Iam-0567,p03-087
/directory/IAM/Forms/a05-039.png,Iam-0000,a05-039,,/directory/IAM/Forms/p03-096.png,Iam-0567,p03-096
/directory/IAM/Forms/a05-044.png,Iam-0000,a05-044,,/directory/IAM/Forms/p03-103.png,Iam-0567,p03-103
/directory/IAM/Forms/a05-048.png,Iam-0000,a05-048,,/directory/IAM/Forms/p03-112.png,Iam-0567,p03-112
/directory/IAM/Forms/a05-053.png,Iam-0000,a05-053,,/directory/IAM/Forms/n02-151.png,Iam-0568,n02-151
/directory/IAM/Forms/a05-058.png,Iam-0000,a05-058,,/directory/IAM/Forms/n02-154.png,Iam-0569,n02-154
/directory/IAM/Forms/a05-062.png,Iam-0000,a05-062,,/directory/IAM/Forms/n02-157.png,Iam-0570,n02-157
/directory/IAM/Forms/a05-069.png,Iam-0000,a05-069,,/directory/IAM/Forms/n03-038.png,Iam-0571,n03-038
/directory/IAM/Forms/a05-073.png,Iam-0000,a05-073,,/directory/IAM/Forms/n03-064.png,Iam-0572,n03-064
/directory/IAM/Forms/a05-080.png,Iam-0000,a05-080,,/directory/IAM/Forms/n03-066.png,Iam-0573,n03-066
/directory/IAM/Forms/a05-084.png,Iam-0000,a05-084,,/directory/IAM/Forms/n03-079.png,Iam-0574,n03-079
/directory/IAM/Forms/a05-089.png,Iam-0000,a05-089,,/directory/IAM/Forms/n03-082.png,Iam-0575,n03-082
/directory/IAM/Forms/a05-094.png,Iam-0000,a05-094,,/directory/IAM/Forms/n03-091.png,Iam-0576,n03-091
/directory/IAM/Forms/a05-099.png,Iam-0000,a05-099,,/directory/IAM/Forms/n03-097.png,Iam-0577,n03-097
/directory/IAM/Forms/a05-104.png,Iam-0000,a05-104,,/directory/IAM/Forms/n03-103.png,Iam-0577,n03-103
/directory/IAM/Forms/a05-108.png,Iam-0000,a05-108,,/directory/IAM/Forms/n03-106.png,Iam-0578,n03-106
/directory/IAM/Forms/a05-113.png,Iam-0000,a05-113,,/directory/IAM/Forms/n03-113.png,Iam-0579,n03-113
/directory/IAM/Forms/a05-116.png,Iam-0000,a05-116,,/directory/IAM/Forms/n03-120.png,Iam-0580,n03-120
/directory/IAM/Forms/a05-121.png,Iam-0000,a05-121,,/directory/IAM/Forms/n03-126.png,Iam-0581,n03-126
/directory/IAM/Forms/a05-125.png,Iam-0000,a05-125,,/directory/IAM/Forms/n04-015.png,Iam-0582,n04-015
/directory/IAM/Forms/a01-000x.png,Iam-0001,a01-000x,,/directory/IAM/Forms/n04-022.png,Iam-0582,n04-022
/directory/IAM/Forms/a01-072x.png,Iam-0001,a01-072x,,/directory/IAM/Forms/n04-031.png,Iam-0582,n04-031
/directory/IAM/Forms/a01-003.png,Iam-0002,a01-003,,/directory/IAM/Forms/n04-039.png,Iam-0582,n04-039
/directory/IAM/Forms/a01-003x.png,Iam-0003,a01-003x,,/directory/IAM/Forms/n04-044.png,Iam-0582,n04-044
/directory/IAM/Forms/a01-007x.png,Iam-0003,a01-007x,,/directory/IAM/Forms/n04-048.png,Iam-0583,n04-048
/directory/IAM/Forms/a01-007.png,Iam-0004,a01-007,,/directory/IAM/Forms/n04-052.png,Iam-0583,n04-052
/directory/IAM/Forms/a01-011.png,Iam-0005,a01-011,,/directory/IAM/Forms/n04-060.png,Iam-0583,n04-060
/directory/IAM/Forms/a01-030.png,Iam-0005,a01-030,,/directory/IAM/Forms/n04-068.png,Iam-0583,n04-068
/directory/IAM/Forms/a01-011x.png,Iam-0006,a01-011x,,/directory/IAM/Forms/n04-075.png,Iam-0583,n04-075
/directory/IAM/Forms/a01-014.png,Iam-0007,a01-014,,/directory/IAM/Forms/n04-084.png,Iam-0584,n04-084
/directory/IAM/Forms/a01-038.png,Iam-0007,a01-038,,/directory/IAM/Forms/n04-092.png,Iam-0584,n04-092
/directory/IAM/Forms/a01-014x.png,Iam-0008,a01-014x,,/directory/IAM/Forms/n04-100.png,Iam-0584,n04-100
/directory/IAM/Forms/a01-026x.png,Iam-0008,a01-026x,,/directory/IAM/Forms/n04-107.png,Iam-0584,n04-107
/directory/IAM/Forms/a01-020.png,Iam-0009,a01-020,,/directory/IAM/Forms/n04-114.png,Iam-0584,n04-114
/directory/IAM/Forms/a01-026.png,Iam-0009,a01-026,,/directory/IAM/Forms/n04-130.png,Iam-0585,n04-130
/directory/IAM/Forms/a01-020x.png,Iam-0010,a01-020x,,/directory/IAM/Forms/n04-139.png,Iam-0585,n04-139
/directory/IAM/Forms/a01-030x.png,Iam-0010,a01-030x,,/directory/IAM/Forms/n04-149.png,Iam-0585,n04-149
/directory/IAM/Forms/a01-038x.png,Iam-0011,a01-038x,,/directory/IAM/Forms/n04-156.png,Iam-0585,n04-156
/directory/IAM/Forms/a01-043x.png,Iam-0011,a01-043x,,/directory/IAM/Forms/n04-163.png,Iam-0585,n04-163
/directory/IAM/Forms/a01-043.png,Iam-0012,a01-043,,/directory/IAM/Forms/n04-171.png,Iam-0586,n04-171
/directory/IAM/Forms/a01-049.png,Iam-0012,a01-049,,/directory/IAM/Forms/n04-183.png,Iam-0586,n04-183
/directory/IAM/Forms/a01-053.png,Iam-0013,a01-053,,/directory/IAM/Forms/n04-190.png,Iam-0586,n04-190
/directory/IAM/Forms/a01-058.png,Iam-0013,a01-058,,/directory/IAM/Forms/n04-195.png,Iam-0586,n04-195
/directory/IAM/Forms/a01-063.png,Iam-0013,a01-063,,/directory/IAM/Forms/n04-202.png,Iam-0587,n04-202
/directory/IAM/Forms/a01-053x.png,Iam-0014,a01-053x,,/directory/IAM/Forms/n04-209.png,Iam-0587,n04-209
/directory/IAM/Forms/a01-058x.png,Iam-0014,a01-058x,,/directory/IAM/Forms/n04-213.png,Iam-0587,n04-213
/directory/IAM/Forms/a01-063x.png,Iam-0015,a01-063x,,/directory/IAM/Forms/n04-218.png,Iam-0587,n04-218
/directory/IAM/Forms/a01-077.png,Iam-0016,a01-077,,/directory/IAM/Forms/n06-074.png,Iam-0588,n06-074
/directory/IAM/Forms/a01-091.png,Iam-0016,a01-091,,/directory/IAM/Forms/n06-082.png,Iam-0588,n06-082
/directory/IAM/Forms/a01-102.png,Iam-0016,a01-102,,/directory/IAM/Forms/n06-092.png,Iam-0588,n06-092
/directory/IAM/Forms/a01-087.png,Iam-0017,a01-087,,/directory/IAM/Forms/n06-100.png,Iam-0588,n06-100
/directory/IAM/Forms/b01-057.png,Iam-0017,b01-057,,/directory/IAM/Forms/n06-111.png,Iam-0588,n06-111
/directory/IAM/Forms/b01-062.png,Iam-0017,b01-062,,/directory/IAM/Forms/n06-119.png,Iam-0588,n06-119
/directory/IAM/Forms/a01-107.png,Iam-0018,a01-107,,/directory/IAM/Forms/n06-123.png,Iam-0588,n06-123
/directory/IAM/Forms/a01-113.png,Iam-0018,a01-113,,/directory/IAM/Forms/n06-128.png,Iam-0588,n06-128
/directory/IAM/Forms/a01-117.png,Iam-0019,a01-117,,/directory/IAM/Forms/n06-133.png,Iam-0588,n06-133
/directory/IAM/Forms/a01-122.png,Iam-0019,a01-122,,/directory/IAM/Forms/n06-140.png,Iam-0588,n06-140
/directory/IAM/Forms/a01-128.png,Iam-0019,a01-128,,/directory/IAM/Forms/p01-147.png,Iam-0589,p01-147
/directory/IAM/Forms/a01-132.png,Iam-0020,a01-132,,/directory/IAM/Forms/p01-155.png,Iam-0590,p01-155
/directory/IAM/Forms/a02-000.png,Iam-0021,a02-000,,/directory/IAM/Forms/p01-168.png,Iam-0591,p01-168
/directory/IAM/Forms/a02-004.png,Iam-0022,a02-004,,/directory/IAM/Forms/p01-174.png,Iam-0592,p01-174
/directory/IAM/Forms/a02-008.png,Iam-0023,a02-008,,/directory/IAM/Forms/p02-000.png,Iam-0593,p02-000
/directory/IAM/Forms/a02-012.png,Iam-0024,a02-012,,/directory/IAM/Forms/p02-008.png,Iam-0594,p02-008
/directory/IAM/Forms/a02-017.png,Iam-0025,a02-017,,/directory/IAM/Forms/p02-017.png,Iam-0595,p02-017
/directory/IAM/Forms/a02-020.png,Iam-0025,a02-020,,/directory/IAM/Forms/p02-022.png,Iam-0596,p02-022
/directory/IAM/Forms/a02-024.png,Iam-0025,a02-024,,/directory/IAM/Forms/p02-027.png,Iam-0597,p02-027
/directory/IAM/Forms/a02-027.png,Iam-0025,a02-027,,/directory/IAM/Forms/p02-069.png,Iam-0598,p02-069
/directory/IAM/Forms/a02-032.png,Iam-0025,a02-032,,/directory/IAM/Forms/p02-090.png,Iam-0598,p02-090
/directory/IAM/Forms/a02-037.png,Iam-0026,a02-037,,/directory/IAM/Forms/p02-076.png,Iam-0599,p02-076
/directory/IAM/Forms/a02-042.png,Iam-0026,a02-042,,/directory/IAM/Forms/p02-081.png,Iam-0599,p02-081
/directory/IAM/Forms/a02-090.png,Iam-0026,a02-090,,/directory/IAM/Forms/p02-101.png,Iam-0600,p02-101
/directory/IAM/Forms/a02-093.png,Iam-0026,a02-093,,/directory/IAM/Forms/p02-105.png,Iam-0601,p02-105
/directory/IAM/Forms/a02-098.png,Iam-0026,a02-098,,/directory/IAM/Forms/p02-109.png,Iam-0602,p02-109
/directory/IAM/Forms/a02-046.png,Iam-0027,a02-046,,/directory/IAM/Forms/p02-115.png,Iam-0603,p02-115
/directory/IAM/Forms/a02-050.png,Iam-0028,a02-050,,/directory/IAM/Forms/p02-121.png,Iam-0604,p02-121
/directory/IAM/Forms/a02-053.png,Iam-0029,a02-053,,/directory/IAM/Forms/p02-127.png,Iam-0605,p02-127
/directory/IAM/Forms/a02-057.png,Iam-0030,a02-057,,/directory/IAM/Forms/p02-131.png,Iam-0606,p02-131
/directory/IAM/Forms/a02-062.png,Iam-0031,a02-062,,/directory/IAM/Forms/p02-135.png,Iam-0607,p02-135
/directory/IAM/Forms/a02-067.png,Iam-0032,a02-067,,/directory/IAM/Forms/p02-139.png,Iam-0608,p02-139
/directory/IAM/Forms/a02-072.png,Iam-0033,a02-072,,/directory/IAM/Forms/p02-144.png,Iam-0609,p02-144
/directory/IAM/Forms/a02-078.png,Iam-0034,a02-078,,/directory/IAM/Forms/p02-150.png,Iam-0610,p02-150
/directory/IAM/Forms/a02-082.png,Iam-0035,a02-082,,/directory/IAM/Forms/p02-155.png,Iam-0611,p02-155
/directory/IAM/Forms/a02-086.png,Iam-0036,a02-086,,/directory/IAM/Forms/p03-004.png,Iam-0612,p03-004
/directory/IAM/Forms/a02-102.png,Iam-0037,a02-102,,/directory/IAM/Forms/p03-009.png,Iam-0613,p03-009
/directory/IAM/Forms/a02-106.png,Iam-0037,a02-106,,/directory/IAM/Forms/p03-012.png,Iam-0614,p03-012
/directory/IAM/Forms/a02-111.png,Iam-0037,a02-111,,/directory/IAM/Forms/p03-023.png,Iam-0615,p03-023
/directory/IAM/Forms/a02-124.png,Iam-0037,a02-124,,/directory/IAM/Forms/p03-027.png,Iam-0616,p03-027
/directory/IAM/Forms/a03-047.png,Iam-0037,a03-047,,/directory/IAM/Forms/p03-029.png,Iam-0617,p03-029
/directory/IAM/Forms/a02-116.png,Iam-0038,a02-116,,/directory/IAM/Forms/p03-033.png,Iam-0618,p03-033
/directory/IAM/Forms/a02-120.png,Iam-0039,a02-120,,/directory/IAM/Forms/p03-040.png,Iam-0619,p03-040
/directory/IAM/Forms/a03-006.png,Iam-0040,a03-006,,/directory/IAM/Forms/p03-047.png,Iam-0620,p03-047
/directory/IAM/Forms/a03-009.png,Iam-0041,a03-009,,/directory/IAM/Forms/p03-069.png,Iam-0621,p03-069
/directory/IAM/Forms/a03-011.png,Iam-0042,a03-011,,/directory/IAM/Forms/p03-072.png,Iam-0622,p03-072
/directory/IAM/Forms/a03-014.png,Iam-0043,a03-014,,/directory/IAM/Forms/p03-080.png,Iam-0623,p03-080
/directory/IAM/Forms/a03-017.png,Iam-0044,a03-017,,/directory/IAM/Forms/p03-121.png,Iam-0624,p03-121
/directory/IAM/Forms/a03-020.png,Iam-0045,a03-020,,/directory/IAM/Forms/p03-135.png,Iam-0625,p03-135
/directory/IAM/Forms/a03-023.png,Iam-0046,a03-023,,/directory/IAM/Forms/p03-142.png,Iam-0626,p03-142
/directory/IAM/Forms/a03-027.png,Iam-0047,a03-027,,/directory/IAM/Forms/p03-151.png,Iam-0627,p03-151
/directory/IAM/Forms/a03-030.png,Iam-0048,a03-030,,/directory/IAM/Forms/p03-158.png,Iam-0628,p03-158
/directory/IAM/Forms/a03-034.png,Iam-0049,a03-034,,/directory/IAM/Forms/p03-163.png,Iam-0629,p03-163
/directory/IAM/Forms/a03-037.png,Iam-0050,a03-037,,/directory/IAM/Forms/p03-173.png,Iam-0630,p03-173
/directory/IAM/Forms/a03-040.png,Iam-0051,a03-040,,/directory/IAM/Forms/p03-181.png,Iam-0631,p03-181
/directory/IAM/Forms/a03-043.png,Iam-0052,a03-043,,/directory/IAM/Forms/p03-185.png,Iam-0632,p03-185
/directory/IAM/Forms/a03-054.png,Iam-0053,a03-054,,/directory/IAM/Forms/p03-189.png,Iam-0633,p03-189
/directory/IAM/Forms/a03-059.png,Iam-0054,a03-059,,/directory/IAM/Forms/p06-030.png,Iam-0634,p06-030
/directory/IAM/Forms/a03-063.png,Iam-0055,a03-063,,/directory/IAM/Forms/p06-042.png,Iam-0634,p06-042
/directory/IAM/Forms/a03-066.png,Iam-0056,a03-066,,/directory/IAM/Forms/p06-047.png,Iam-0634,p06-047
/directory/IAM/Forms/a04-000.png,Iam-0058,a04-000,,/directory/IAM/Forms/p06-052.png,Iam-0634,p06-052
/directory/IAM/Forms/a04-003.png,Iam-0058,a04-003,,/directory/IAM/Forms/p06-058.png,Iam-0634,p06-058
/directory/IAM/Forms/a04-006.png,Iam-0058,a04-006,,/directory/IAM/Forms/p06-069.png,Iam-0634,p06-069
/directory/IAM/Forms/a04-010.png,Iam-0058,a04-010,,/directory/IAM/Forms/p06-088.png,Iam-0634,p06-088
/directory/IAM/Forms/a04-015.png,Iam-0059,a04-015,,/directory/IAM/Forms/p06-096.png,Iam-0634,p06-096
/directory/IAM/Forms/a04-019.png,Iam-0059,a04-019,,/directory/IAM/Forms/p06-104.png,Iam-0634,p06-104
/directory/IAM/Forms/a04-023.png,Iam-0059,a04-023,,/directory/IAM/Forms/p06-242.png,Iam-0635,p06-242
/directory/IAM/Forms/a04-027.png,Iam-0059,a04-027,,/directory/IAM/Forms/p06-248.png,Iam-0635,p06-248
/directory/IAM/Forms/a04-031.png,Iam-0060,a04-031,,/directory/IAM/Forms/r06-000.png,Iam-0635,r06-000
/directory/IAM/Forms/a04-035.png,Iam-0060,a04-035,,/directory/IAM/Forms/r06-003.png,Iam-0635,r06-003
/directory/IAM/Forms/a04-039.png,Iam-0060,a04-039,,/directory/IAM/Forms/r06-007.png,Iam-0635,r06-007
/directory/IAM/Forms/a04-043.png,Iam-0060,a04-043,,/directory/IAM/Forms/r06-011.png,Iam-0635,r06-011
/directory/IAM/Forms/a04-047.png,Iam-0061,a04-047,,/directory/IAM/Forms/r06-018.png,Iam-0635,r06-018
/directory/IAM/Forms/a04-050.png,Iam-0061,a04-050,,/directory/IAM/Forms/r06-022.png,Iam-0635,r06-022
/directory/IAM/Forms/a04-054.png,Iam-0061,a04-054,,/directory/IAM/Forms/r06-027.png,Iam-0635,r06-027
/directory/IAM/Forms/a04-059.png,Iam-0061,a04-059,,/directory/IAM/Forms/r06-143.png,Iam-0635,r06-143
/directory/IAM/Forms/a04-066.png,Iam-0062,a04-066,,/directory/IAM/Forms/r02-000.png,Iam-0636,r02-000
/directory/IAM/Forms/a04-069.png,Iam-0062,a04-069,,/directory/IAM/Forms/r02-003.png,Iam-0637,r02-003
/directory/IAM/Forms/a04-072.png,Iam-0062,a04-072,,/directory/IAM/Forms/r02-006.png,Iam-0638,r02-006
/directory/IAM/Forms/a04-081.png,Iam-0063,a04-081,,/directory/IAM/Forms/r02-010.png,Iam-0639,r02-010
/directory/IAM/Forms/a04-085.png,Iam-0063,a04-085,,/directory/IAM/Forms/r02-013.png,Iam-0640,r02-013
/directory/IAM/Forms/a04-089.png,Iam-0063,a04-089,,/directory/IAM/Forms/r02-038.png,Iam-0641,r02-038
/directory/IAM/Forms/a04-092.png,Iam-0064,a04-092,,/directory/IAM/Forms/r02-054.png,Iam-0642,r02-054
/directory/IAM/Forms/a04-096.png,Iam-0064,a04-096,,/directory/IAM/Forms/r02-060.png,Iam-0643,r02-060
/directory/IAM/Forms/a04-099.png,Iam-0064,a04-099,,/directory/IAM/Forms/r02-065.png,Iam-0644,r02-065
/directory/IAM/Forms/a04-103.png,Iam-0064,a04-103,,/directory/IAM/Forms/r02-070.png,Iam-0645,r02-070
/directory/IAM/Forms/a05-004.png,Iam-0065,a05-004,,/directory/IAM/Forms/r02-078.png,Iam-0647,r02-078
/directory/IAM/Forms/a05-009.png,Iam-0065,a05-009,,/directory/IAM/Forms/r02-081.png,Iam-0648,r02-081
/directory/IAM/Forms/a06-000.png,Iam-0066,a06-000,,/directory/IAM/Forms/r02-089.png,Iam-0649,r02-089
/directory/IAM/Forms/a06-004.png,Iam-0066,a06-004,,/directory/IAM/Forms/r02-109.png,Iam-0650,r02-109
/directory/IAM/Forms/a06-008.png,Iam-0067,a06-008,,/directory/IAM/Forms/r02-117.png,Iam-0651,r02-117
/directory/IAM/Forms/a06-014.png,Iam-0068,a06-014,,/directory/IAM/Forms/r02-127.png,Iam-0652,r02-127
/directory/IAM/Forms/a06-020.png,Iam-0069,a06-020,,/directory/IAM/Forms/r02-131.png,Iam-0653,r02-131
/directory/IAM/Forms/a06-025.png,Iam-0070,a06-025,,/directory/IAM/Forms/r02-137.png,Iam-0654,r02-137
/directory/IAM/Forms/a06-036.png,Iam-0071,a06-036,,/directory/IAM/Forms/r02-146.png,Iam-0655,r02-146
/directory/IAM/Forms/a06-039.png,Iam-0072,a06-039,,/directory/IAM/Forms/r03-002.png,Iam-0658,r03-002
/directory/IAM/Forms/a06-044.png,Iam-0073,a06-044,,/directory/IAM/Forms/r03-007.png,Iam-0658,r03-007
/directory/IAM/Forms/a06-051.png,Iam-0074,a06-051,,/directory/IAM/Forms/r03-026.png,Iam-0659,r03-026
/directory/IAM/Forms/a06-057.png,Iam-0075,a06-057,,/directory/IAM/Forms/r03-030.png,Iam-0660,r03-030
/directory/IAM/Forms/a06-064.png,Iam-0076,a06-064,,/directory/IAM/Forms/r03-035.png,Iam-0661,r03-035
/directory/IAM/Forms/a06-070.png,Iam-0077,a06-070,,/directory/IAM/Forms/r03-050.png,Iam-0662,r03-050
/directory/IAM/Forms/a06-075.png,Iam-0078,a06-075,,/directory/IAM/Forms/r03-056.png,Iam-0663,r03-056
/directory/IAM/Forms/a06-090.png,Iam-0079,a06-090,,/directory/IAM/Forms/r03-065.png,Iam-0664,r03-065
/directory/IAM/Forms/a06-095.png,Iam-0080,a06-095,,/directory/IAM/Forms/r03-084.png,Iam-0665,r03-084
/directory/IAM/Forms/a06-100.png,Iam-0081,a06-100,,/directory/IAM/Forms/r03-090.png,Iam-0666,r03-090
/directory/IAM/Forms/n02-146.png,Iam-0081,n02-146,,/directory/IAM/Forms/r03-096.png,Iam-0667,r03-096
/directory/IAM/Forms/a06-110.png,Iam-0082,a06-110,,/directory/IAM/Forms/r03-110.png,Iam-0668,r03-110
/directory/IAM/Forms/a06-114.png,Iam-0083,a06-114,,/directory/IAM/Forms/r03-115.png,Iam-0669,r03-115
/directory/IAM/Forms/a06-119.png,Iam-0084,a06-119,,/directory/IAM/Forms/r06-035.png,Iam-0670,r06-035
/directory/IAM/Forms/a06-128.png,Iam-0084,a06-128,,/directory/IAM/Forms/r06-041.png,Iam-0670,r06-041
/directory/IAM/Forms/a06-124.png,Iam-0085,a06-124,,/directory/IAM/Forms/r06-044.png,Iam-0670,r06-044
/directory/IAM/Forms/a06-134.png,Iam-0085,a06-134,,/directory/IAM/Forms/r06-049.png,Iam-0670,r06-049
/directory/IAM/Forms/a06-141.png,Iam-0085,a06-141,,/directory/IAM/Forms/r06-053.png,Iam-0670,r06-053
/directory/IAM/Forms/a06-147.png,Iam-0085,a06-147,,/directory/IAM/Forms/r06-057.png,Iam-0670,r06-057
/directory/IAM/Forms/a06-157.png,Iam-0085,a06-157,,/directory/IAM/Forms/r06-062.png,Iam-0670,r06-062
/directory/IAM/Forms/e07-000.png,Iam-0085,e07-000,,/directory/IAM/Forms/r06-066.png,Iam-0670,r06-066
/directory/IAM/Forms/a06-152.png,Iam-0086,a06-152,,/directory/IAM/Forms/r06-070.png,Iam-0670,r06-070
/directory/IAM/Forms/b01-000.png,Iam-0087,b01-000,,/directory/IAM/Forms/r06-076.png,Iam-0670,r06-076
/directory/IAM/Forms/b01-004.png,Iam-0087,b01-004,,/directory/IAM/Forms/r06-090.png,Iam-0671,r06-090
/directory/IAM/Forms/b01-009.png,Iam-0087,b01-009,,/directory/IAM/Forms/r06-097.png,Iam-0671,r06-097
/directory/IAM/Forms/b01-014.png,Iam-0088,b01-014,,/directory/IAM/Forms/r06-103.png,Iam-0671,r06-103
/directory/IAM/Forms/b01-018.png,Iam-0088,b01-018,,/directory/IAM/Forms/r06-106.png,Iam-0671,r06-106
/directory/IAM/Forms/b01-023.png,Iam-0088,b01-023,,/directory/IAM/Forms/r06-111.png,Iam-0671,r06-111
/directory/IAM/Forms/b01-027.png,Iam-0089,b01-027,,/directory/IAM/Forms/r06-115.png,Iam-0671,r06-115
/directory/IAM/Forms/b01-033.png,Iam-0089,b01-033,,/directory/IAM/Forms/r06-121.png,Iam-0671,r06-121
/directory/IAM/Forms/b01-038.png,Iam-0089,b01-038,,/directory/IAM/Forms/r06-126.png,Iam-0671,r06-126
/directory/IAM/Forms/b01-044.png,Iam-0090,b01-044,,/directory/IAM/Forms/r06-130.png,Iam-0671,r06-130
/directory/IAM/Forms/b01-049.png,Iam-0090,b01-049,,/directory/IAM/Forms/r06-137.png,Iam-0671,r06-137
/directory/IAM/Forms/b01-053.png,Iam-0090,b01-053,,,,
/directory/IAM/Forms/b01-073.png,Iam-0091,b01-073,,,,
/directory/IAM/Forms/b01-079.png,Iam-0091,b01-079,,,,
/directory/IAM/Forms/b01-084.png,Iam-0092,b01-084,,,,
/directory/IAM/Forms/b01-089.png,Iam-0092,b01-089,,,,
/directory/IAM/Forms/b01-094.png,Iam-0092,b01-094,,,,
/directory/IAM/Forms/b01-113.png,Iam-0093,b01-113,,,,
/directory/IAM/Forms/b01-118.png,Iam-0093,b01-118,,,,
/directory/IAM/Forms/b01-122.png,Iam-0093,b01-122,,,,
/directory/IAM/Forms/b01-127.png,Iam-0094,b01-127,,,,
/directory/IAM/Forms/b01-132.png,Iam-0094,b01-132,,,,
/directory/IAM/Forms/b01-136.png,Iam-0094,b01-136,,,,
/directory/IAM/Forms/b02-013.png,Iam-0095,b02-013,,,,
/directory/IAM/Forms/b02-035.png,Iam-0095,b02-035,,,,
/directory/IAM/Forms/b02-045.png,Iam-0096,b02-045,,,,
/directory/IAM/Forms/b02-097.png,Iam-0097,b02-097,,,,
/directory/IAM/Forms/b02-102.png,Iam-0098,b02-102,,,,
/directory/IAM/Forms/b02-105.png,Iam-0099,b02-105,,,,
/directory/IAM/Forms/b03-025.png,Iam-0100,b03-025,,,,
/directory/IAM/Forms/b03-087.png,Iam-0102,b03-087,,,,
/directory/IAM/Forms/b03-092.png,Iam-0102,b03-092,,,,
/directory/IAM/Forms/b03-098.png,Iam-0103,b03-098,,,,
/directory/IAM/Forms/b03-104.png,Iam-0104,b03-104,,,,
/directory/IAM/Forms/b03-109.png,Iam-0105,b03-109,,,,
/directory/IAM/Forms/b03-114.png,Iam-0106,b03-114,,,,
/directory/IAM/Forms/b04-000.png,Iam-0107,b04-000,,,,
/directory/IAM/Forms/b04-004.png,Iam-0107,b04-004,,,,
/directory/IAM/Forms/b04-010.png,Iam-0107,b04-010,,,,
/directory/IAM/Forms/b04-020.png,Iam-0107,b04-020,,,,
/directory/IAM/Forms/b04-026.png,Iam-0108,b04-026,,,,
/directory/IAM/Forms/b04-034.png,Iam-0108,b04-034,,,,
/directory/IAM/Forms/b04-040.png,Iam-0108,b04-040,,,,
/directory/IAM/Forms/b04-047.png,Iam-0108,b04-047,,,,
/directory/IAM/Forms/b04-054.png,Iam-0109,b04-054,,,,
/directory/IAM/Forms/b04-060.png,Iam-0109,b04-060,,,,
/directory/IAM/Forms/b04-066.png,Iam-0109,b04-066,,,,
/directory/IAM/Forms/b04-075.png,Iam-0109,b04-075,,,,
/directory/IAM/Forms/b04-081.png,Iam-0110,b04-081,,,,
/directory/IAM/Forms/b04-089.png,Iam-0110,b04-089,,,,
/directory/IAM/Forms/b04-096.png,Iam-0110,b04-096,,,,
/directory/IAM/Forms/b04-103.png,Iam-0110,b04-103,,,,
/directory/IAM/Forms/b04-107.png,Iam-0111,b04-107,,,,
/directory/IAM/Forms/b04-116.png,Iam-0111,b04-116,,,,
/directory/IAM/Forms/b04-121.png,Iam-0111,b04-121,,,,
/directory/IAM/Forms/b04-128.png,Iam-0111,b04-128,,,,
/directory/IAM/Forms/b04-134.png,Iam-0112,b04-134,,,,
/directory/IAM/Forms/b04-140.png,Iam-0112,b04-140,,,,
/directory/IAM/Forms/b04-147.png,Iam-0112,b04-147,,,,
/directory/IAM/Forms/b04-154.png,Iam-0112,b04-154,,,,
/directory/IAM/Forms/b04-162.png,Iam-0113,b04-162,,,,
/directory/IAM/Forms/b04-169.png,Iam-0113,b04-169,,,,
/directory/IAM/Forms/b04-175.png,Iam-0113,b04-175,,,,
/directory/IAM/Forms/b04-181.png,Iam-0113,b04-181,,,,
/directory/IAM/Forms/b04-187.png,Iam-0114,b04-187,,,,
/directory/IAM/Forms/b04-195.png,Iam-0114,b04-195,,,,
/directory/IAM/Forms/b04-202.png,Iam-0114,b04-202,,,,
/directory/IAM/Forms/b04-208.png,Iam-0114,b04-208,,,,
/directory/IAM/Forms/b05-017.png,Iam-0115,b05-017,,,,
/directory/IAM/Forms/b05-032.png,Iam-0116,b05-032,,,,
/directory/IAM/Forms/b05-038.png,Iam-0117,b05-038,,,,
/directory/IAM/Forms/b05-042.png,Iam-0117,b05-042,,,,
/directory/IAM/Forms/b05-045.png,Iam-0117,b05-045,,,,
/directory/IAM/Forms/b05-050.png,Iam-0117,b05-050,,,,
/directory/IAM/Forms/b05-055.png,Iam-0118,b05-055,,,,
/directory/IAM/Forms/b05-058.png,Iam-0118,b05-058,,,,
/directory/IAM/Forms/b05-062.png,Iam-0118,b05-062,,,,
/directory/IAM/Forms/b05-067.png,Iam-0118,b05-067,,,,
/directory/IAM/Forms/b05-071.png,Iam-0118,b05-071,,,,
/directory/IAM/Forms/g05-098.png,Iam-0118,g05-098,,,,
/directory/IAM/Forms/h05-012.png,Iam-0118,h05-012,,,,
/directory/IAM/Forms/b05-074.png,Iam-0119,b05-074,,,,
/directory/IAM/Forms/g05-094.png,Iam-0119,g05-094,,,,
/directory/IAM/Forms/b05-079.png,Iam-0120,b05-079,,,,
/directory/IAM/Forms/b05-083.png,Iam-0121,b05-083,,,,
/directory/IAM/Forms/b05-098.png,Iam-0121,b05-098,,,,
/directory/IAM/Forms/b05-088.png,Iam-0122,b05-088,,,,
/directory/IAM/Forms/b06-000.png,Iam-0123,b06-000,,,,
/directory/IAM/Forms/b06-023.png,Iam-0123,b06-023,,,,
/directory/IAM/Forms/b06-097.png,Iam-0123,b06-097,,,,
/directory/IAM/Forms/c06-039.png,Iam-0123,c06-039,,,,
/directory/IAM/Forms/c06-100.png,Iam-0123,c06-100,,,,
/directory/IAM/Forms/b06-004.png,Iam-0124,b06-004,,,,
/directory/IAM/Forms/b06-049.png,Iam-0124,b06-049,,,,
/directory/IAM/Forms/b06-075.png,Iam-0124,b06-075,,,,
/directory/IAM/Forms/c06-111.png,Iam-0124,c06-111,,,,
/directory/IAM/Forms/b06-008.png,Iam-0125,b06-008,,,,
/directory/IAM/Forms/b06-056.png,Iam-0125,b06-056,,,,
/directory/IAM/Forms/b06-093.png,Iam-0125,b06-093,,,,
/directory/IAM/Forms/c06-005.png,Iam-0125,c06-005,,,,
/directory/IAM/Forms/c06-020.png,Iam-0125,c06-020,,,,
/directory/IAM/Forms/b06-012.png,Iam-0126,b06-012,,,,
/directory/IAM/Forms/b06-036.png,Iam-0126,b06-036,,,,
/directory/IAM/Forms/b06-110.png,Iam-0126,b06-110,,,,
/directory/IAM/Forms/c06-052.png,Iam-0126,c06-052,,,,
/directory/IAM/Forms/c06-087.png,Iam-0126,c06-087,,,,
/directory/IAM/Forms/b06-015.png,Iam-0127,b06-015,,,,
/directory/IAM/Forms/b06-053.png,Iam-0127,b06-053,,,,
/directory/IAM/Forms/c06-106.png,Iam-0127,c06-106,,,,
/directory/IAM/Forms/b06-019.png,Iam-0128,b06-019,,,,
/directory/IAM/Forms/b06-071.png,Iam-0128,b06-071,,,,
/directory/IAM/Forms/c06-027.png,Iam-0128,c06-027,,,,
/directory/IAM/Forms/c06-076.png,Iam-0128,c06-076,,,,
/directory/IAM/Forms/c06-128.png,Iam-0128,c06-128,,,,
/directory/IAM/Forms/b06-027.png,Iam-0129,b06-027,,,,
/directory/IAM/Forms/c06-014.png,Iam-0129,c06-014,,,,
/directory/IAM/Forms/c06-103.png,Iam-0129,c06-103,,,,
/directory/IAM/Forms/c06-138.png,Iam-0129,c06-138,,,,
/directory/IAM/Forms/b06-032.png,Iam-0130,b06-032,,,,
/directory/IAM/Forms/b06-059.png,Iam-0130,b06-059,,,,
/directory/IAM/Forms/b06-079.png,Iam-0130,b06-079,,,,
/directory/IAM/Forms/c06-000.png,Iam-0130,c06-000,,,,
/directory/IAM/Forms/c06-031.png,Iam-0130,c06-031,,,,
/directory/IAM/Forms/b06-042.png,Iam-0131,b06-042,,,,
/directory/IAM/Forms/b06-068.png,Iam-0131,b06-068,,,,
/directory/IAM/Forms/c06-058.png,Iam-0131,c06-058,,,,
/directory/IAM/Forms/c06-095.png,Iam-0131,c06-095,,,,
/directory/IAM/Forms/b06-045.png,Iam-0132,b06-045,,,,
/directory/IAM/Forms/b06-082.png,Iam-0132,b06-082,,,,
/directory/IAM/Forms/c06-047.png,Iam-0132,c06-047,,,,
/directory/IAM/Forms/c06-091.png,Iam-0132,c06-091,,,,
/directory/IAM/Forms/b06-064.png,Iam-0133,b06-064,,,,
/directory/IAM/Forms/b06-100.png,Iam-0133,b06-100,,,,
/directory/IAM/Forms/c06-043.png,Iam-0133,c06-043,,,,
/directory/IAM/Forms/c06-080.png,Iam-0133,c06-080,,,,
/directory/IAM/Forms/c06-116.png,Iam-0133,c06-116,,,,
/directory/IAM/Forms/b06-087.png,Iam-0134,b06-087,,,,
/directory/IAM/Forms/b06-090.png,Iam-0134,b06-090,,,,
/directory/IAM/Forms/c01-009.png,Iam-0135,c01-009,,,,
/directory/IAM/Forms/c01-014.png,Iam-0135,c01-014,,,,
/directory/IAM/Forms/c01-066.png,Iam-0136,c01-066,,,,
/directory/IAM/Forms/c02-000.png,Iam-0137,c02-000,,,,
/directory/IAM/Forms/c02-003.png,Iam-0138,c02-003,,,,
/directory/IAM/Forms/c02-007.png,Iam-0139,c02-007,,,,
/directory/IAM/Forms/c02-017.png,Iam-0139,c02-017,,,,
/directory/IAM/Forms/c02-012.png,Iam-0140,c02-012,,,,
/directory/IAM/Forms/c02-022.png,Iam-0140,c02-022,,,,
/directory/IAM/Forms/c02-026.png,Iam-0141,c02-026,,,,
/directory/IAM/Forms/c02-030.png,Iam-0142,c02-030,,,,
/directory/IAM/Forms/c02-035.png,Iam-0143,c02-035,,,,
/directory/IAM/Forms/c02-049.png,Iam-0144,c02-049,,,,
/directory/IAM/Forms/c02-056.png,Iam-0145,c02-056,,,,
/directory/IAM/Forms/c02-059.png,Iam-0146,c02-059,,,,
/directory/IAM/Forms/c02-078.png,Iam-0147,c02-078,,,,
/directory/IAM/Forms/c02-082.png,Iam-0148,c02-082,,,,
/directory/IAM/Forms/c02-089.png,Iam-0149,c02-089,,,,
/directory/IAM/Forms/c03-000a.png,Iam-0150,c03-000a,,,,
/directory/IAM/Forms/c03-003a.png,Iam-0150,c03-003a,,,,
/directory/IAM/Forms/c03-007a.png,Iam-0150,c03-007a,,,,
/directory/IAM/Forms/c03-016a.png,Iam-0150,c03-016a,,,,
/directory/IAM/Forms/c03-021a.png,Iam-0150,c03-021a,,,,
/directory/IAM/Forms/c03-081a.png,Iam-0150,c03-081a,,,,
/directory/IAM/Forms/c03-084a.png,Iam-0150,c03-084a,,,,
/directory/IAM/Forms/c03-087a.png,Iam-0150,c03-087a,,,,
/directory/IAM/Forms/c03-094a.png,Iam-0150,c03-094a,,,,
/directory/IAM/Forms/c03-096a.png,Iam-0150,c03-096a,,,,
/directory/IAM/Forms/c03-000b.png,Iam-0151,c03-000b,,,,
/directory/IAM/Forms/c03-003b.png,Iam-0151,c03-003b,,,,
/directory/IAM/Forms/c03-007b.png,Iam-0151,c03-007b,,,,
/directory/IAM/Forms/c03-016b.png,Iam-0151,c03-016b,,,,
/directory/IAM/Forms/c03-021b.png,Iam-0151,c03-021b,,,,
/directory/IAM/Forms/c03-081b.png,Iam-0151,c03-081b,,,,
/directory/IAM/Forms/c03-084b.png,Iam-0151,c03-084b,,,,
/directory/IAM/Forms/c03-087b.png,Iam-0151,c03-087b,,,,
/directory/IAM/Forms/c03-094b.png,Iam-0151,c03-094b,,,,
/directory/IAM/Forms/c03-096b.png,Iam-0151,c03-096b,,,,
/directory/IAM/Forms/c03-000c.png,Iam-0152,c03-000c,,,,
/directory/IAM/Forms/c03-003c.png,Iam-0152,c03-003c,,,,
/directory/IAM/Forms/c03-007c.png,Iam-0152,c03-007c,,,,
/directory/IAM/Forms/c03-016c.png,Iam-0152,c03-016c,,,,
/directory/IAM/Forms/c03-021c.png,Iam-0152,c03-021c,,,,
/directory/IAM/Forms/c03-081c.png,Iam-0152,c03-081c,,,,
/directory/IAM/Forms/c03-084c.png,Iam-0152,c03-084c,,,,
/directory/IAM/Forms/c03-087c.png,Iam-0152,c03-087c,,,,
/directory/IAM/Forms/c03-094c.png,Iam-0152,c03-094c,,,,
/directory/IAM/Forms/c03-096c.png,Iam-0152,c03-096c,,,,
/directory/IAM/Forms/c03-000d.png,Iam-0153,c03-000d,,,,
/directory/IAM/Forms/c03-003d.png,Iam-0153,c03-003d,,,,
/directory/IAM/Forms/c03-007d.png,Iam-0153,c03-007d,,,,
/directory/IAM/Forms/c03-016d.png,Iam-0153,c03-016d,,,,
/directory/IAM/Forms/c03-021d.png,Iam-0153,c03-021d,,,,
/directory/IAM/Forms/c03-081d.png,Iam-0153,c03-081d,,,,
/directory/IAM/Forms/c03-084d.png,Iam-0153,c03-084d,,,,
/directory/IAM/Forms/c03-087d.png,Iam-0153,c03-087d,,,,
/directory/IAM/Forms/c03-094d.png,Iam-0153,c03-094d,,,,
/directory/IAM/Forms/c03-096d.png,Iam-0153,c03-096d,,,,
/directory/IAM/Forms/c03-000e.png,Iam-0154,c03-000e,,,,
/directory/IAM/Forms/c03-003e.png,Iam-0154,c03-003e,,,,
/directory/IAM/Forms/c03-007e.png,Iam-0154,c03-007e,,,,
/directory/IAM/Forms/c03-016e.png,Iam-0154,c03-016e,,,,
/directory/IAM/Forms/c03-021e.png,Iam-0154,c03-021e,,,,
/directory/IAM/Forms/c03-081e.png,Iam-0154,c03-081e,,,,
/directory/IAM/Forms/c03-084e.png,Iam-0154,c03-084e,,,,
/directory/IAM/Forms/c03-087e.png,Iam-0154,c03-087e,,,,
/directory/IAM/Forms/c03-094e.png,Iam-0154,c03-094e,,,,
/directory/IAM/Forms/c03-096e.png,Iam-0154,c03-096e,,,,
/directory/IAM/Forms/c03-000f.png,Iam-0155,c03-000f,,,,
/directory/IAM/Forms/c03-003f.png,Iam-0155,c03-003f,,,,
/directory/IAM/Forms/c03-007f.png,Iam-0155,c03-007f,,,,
/directory/IAM/Forms/c03-021f.png,Iam-0155,c03-021f,,,,
/directory/IAM/Forms/c03-081f.png,Iam-0155,c03-081f,,,,
/directory/IAM/Forms/c03-084f.png,Iam-0155,c03-084f,,,,
/directory/IAM/Forms/c03-087f.png,Iam-0155,c03-087f,,,,
/directory/IAM/Forms/c03-094f.png,Iam-0155,c03-094f,,,,
/directory/IAM/Forms/c03-096f.png,Iam-0155,c03-096f,,,,
/directory/IAM/Forms/c03-007.png,Iam-0156,c03-007,,,,
/directory/IAM/Forms/c04-000.png,Iam-0157,c04-000,,,,
/directory/IAM/Forms/c04-004.png,Iam-0157,c04-004,,,,
/directory/IAM/Forms/c04-008.png,Iam-0158,c04-008,,,,
/directory/IAM/Forms/c04-013.png,Iam-0158,c04-013,,,,
/directory/IAM/Forms/e04-000.png,Iam-0158,e04-000,,,,
/directory/IAM/Forms/c04-017.png,Iam-0159,c04-017,,,,
/directory/IAM/Forms/c04-035.png,Iam-0159,c04-035,,,,
/directory/IAM/Forms/c04-023.png,Iam-0160,c04-023,,,,
/directory/IAM/Forms/c04-028.png,Iam-0160,c04-028,,,,
/directory/IAM/Forms/c04-039.png,Iam-0161,c04-039,,,,
/directory/IAM/Forms/c04-044.png,Iam-0161,c04-044,,,,
/directory/IAM/Forms/c04-050.png,Iam-0162,c04-050,,,,
/directory/IAM/Forms/c04-056.png,Iam-0162,c04-056,,,,
/directory/IAM/Forms/c04-061.png,Iam-0163,c04-061,,,,
/directory/IAM/Forms/c04-066.png,Iam-0163,c04-066,,,,
/directory/IAM/Forms/c04-075.png,Iam-0164,c04-075,,,,
/directory/IAM/Forms/c04-122.png,Iam-0164,c04-122,,,,
/directory/IAM/Forms/c04-080.png,Iam-0165,c04-080,,,,
/directory/IAM/Forms/c04-128.png,Iam-0165,c04-128,,,,
/directory/IAM/Forms/c04-089.png,Iam-0166,c04-089,,,,
/directory/IAM/Forms/c04-098.png,Iam-0166,c04-098,,,,
/directory/IAM/Forms/c04-105.png,Iam-0167,c04-105,,,,
/directory/IAM/Forms/c04-110.png,Iam-0168,c04-110,,,,
/directory/IAM/Forms/c04-116.png,Iam-0168,c04-116,,,,
/directory/IAM/Forms/c04-134.png,Iam-0169,c04-134,,,,
/directory/IAM/Forms/c04-139.png,Iam-0169,c04-139,,,,
/directory/IAM/Forms/c04-144.png,Iam-0170,c04-144,,,,
/directory/IAM/Forms/c04-150.png,Iam-0170,c04-150,,,,
/directory/IAM/Forms/c04-156.png,Iam-0171,c04-156,,,,
/directory/IAM/Forms/c04-160.png,Iam-0171,c04-160,,,,
/directory/IAM/Forms/c04-165.png,Iam-0172,c04-165,,,,
/directory/IAM/Forms/c04-170.png,Iam-0172,c04-170,,,,
/directory/IAM/Forms/c06-011.png,Iam-0173,c06-011,,,,
/directory/IAM/Forms/d06-008.png,Iam-0173,d06-008,,,,
/directory/IAM/Forms/d06-020.png,Iam-0173,d06-020,,,,
/directory/IAM/Forms/d06-046.png,Iam-0173,d06-046,,,,
/directory/IAM/Forms/d06-063.png,Iam-0173,d06-063,,,,
/directory/IAM/Forms/c06-083.png,Iam-0174,c06-083,,,,
/directory/IAM/Forms/d06-015.png,Iam-0174,d06-015,,,,
/directory/IAM/Forms/d06-030.png,Iam-0174,d06-030,,,,
/directory/IAM/Forms/d06-050.png,Iam-0174,d06-050,,,,
/directory/IAM/Forms/d06-082.png,Iam-0174,d06-082,,,,
/directory/IAM/Forms/d01-016.png,Iam-0175,d01-016,,,,
/directory/IAM/Forms/d01-019.png,Iam-0175,d01-019,,,,
/directory/IAM/Forms/d01-024.png,Iam-0176,d01-024,,,,
/directory/IAM/Forms/d01-049.png,Iam-0177,d01-049,,,,
/directory/IAM/Forms/d01-052.png,Iam-0177,d01-052,,,,
/directory/IAM/Forms/d01-056.png,Iam-0178,d01-056,,,,
/directory/IAM/Forms/d01-060.png,Iam-0178,d01-060,,,,
/directory/IAM/Forms/d01-080.png,Iam-0179,d01-080,,,,
/directory/IAM/Forms/d01-085.png,Iam-0179,d01-085,,,,
/directory/IAM/Forms/d01-098.png,Iam-0180,d01-098,,,,
/directory/IAM/Forms/d01-104.png,Iam-0180,d01-104,,,,
/directory/IAM/Forms/d01-118.png,Iam-0181,d01-118,,,,
/directory/IAM/Forms/d01-123.png,Iam-0181,d01-123,,,,
/directory/IAM/Forms/e01-055.png,Iam-0181,e01-055,,,,
/directory/IAM/Forms/d03-112.png,Iam-0182,d03-112,,,,
/directory/IAM/Forms/d03-117.png,Iam-0183,d03-117,,,,
/directory/IAM/Forms/d04-005.png,Iam-0184,d04-005,,,,
/directory/IAM/Forms/d04-008.png,Iam-0184,d04-008,,,,
/directory/IAM/Forms/d04-012.png,Iam-0185,d04-012,,,,
/directory/IAM/Forms/d04-016.png,Iam-0185,d04-016,,,,
/directory/IAM/Forms/d04-021.png,Iam-0186,d04-021,,,,
/directory/IAM/Forms/d04-028.png,Iam-0186,d04-028,,,,
/directory/IAM/Forms/d04-032.png,Iam-0187,d04-032,,,,
/directory/IAM/Forms/d04-037.png,Iam-0187,d04-037,,,,
/directory/IAM/Forms/d04-047.png,Iam-0188,d04-047,,,,
/directory/IAM/Forms/d04-053.png,Iam-0188,d04-053,,,,
/directory/IAM/Forms/d04-050.png,Iam-0189,d04-050,,,,
/directory/IAM/Forms/d04-058.png,Iam-0190,d04-058,,,,
/directory/IAM/Forms/d04-062.png,Iam-0190,d04-062,,,,
/directory/IAM/Forms/d04-066.png,Iam-0191,d04-066,,,,
/directory/IAM/Forms/d04-071.png,Iam-0192,d04-071,,,,
/directory/IAM/Forms/d04-075.png,Iam-0192,d04-075,,,,
/directory/IAM/Forms/d04-081.png,Iam-0193,d04-081,,,,
/directory/IAM/Forms/f04-093.png,Iam-0193,f04-093,,,,
/directory/IAM/Forms/f04-096.png,Iam-0193,f04-096,,,,
/directory/IAM/Forms/f04-100.png,Iam-0193,f04-100,,,,
/directory/IAM/Forms/d04-086.png,Iam-0194,d04-086,,,,
/directory/IAM/Forms/d04-089.png,Iam-0194,d04-089,,,,
/directory/IAM/Forms/d04-096.png,Iam-0195,d04-096,,,,
/directory/IAM/Forms/d04-101.png,Iam-0195,d04-101,,,,
/directory/IAM/Forms/d04-111.png,Iam-0196,d04-111,,,,
/directory/IAM/Forms/d04-117.png,Iam-0197,d04-117,,,,
/directory/IAM/Forms/d04-121.png,Iam-0197,d04-121,,,,
/directory/IAM/Forms/d04-125.png,Iam-0198,d04-125,,,,
/directory/IAM/Forms/d04-131.png,Iam-0198,d04-131,,,,
/directory/IAM/Forms/d05-008.png,Iam-0199,d05-008,,,,
/directory/IAM/Forms/d05-021.png,Iam-0199,d05-021,,,,
/directory/IAM/Forms/d05-025.png,Iam-0199,d05-025,,,,
/directory/IAM/Forms/d05-030.png,Iam-0199,d05-030,,,,
/directory/IAM/Forms/d05-013.png,Iam-0200,d05-013,,,,
/directory/IAM/Forms/d05-040.png,Iam-0201,d05-040,,,,
/directory/IAM/Forms/d06-000.png,Iam-0202,d06-000,,,,
/directory/IAM/Forms/d06-091.png,Iam-0202,d06-091,,,,
/directory/IAM/Forms/e06-006.png,Iam-0202,e06-006,,,,
/directory/IAM/Forms/e06-037.png,Iam-0202,e06-037,,,,
/directory/IAM/Forms/e06-041.png,Iam-0202,e06-041,,,,
/directory/IAM/Forms/d06-003.png,Iam-0203,d06-003,,,,
/directory/IAM/Forms/d06-076.png,Iam-0203,d06-076,,,,
/directory/IAM/Forms/d06-111.png,Iam-0203,d06-111,,,,
/directory/IAM/Forms/e06-010.png,Iam-0203,e06-010,,,,
/directory/IAM/Forms/e06-046.png,Iam-0203,e06-046,,,,
/directory/IAM/Forms/d06-011.png,Iam-0204,d06-011,,,,
/directory/IAM/Forms/d06-107.png,Iam-0204,d06-107,,,,
/directory/IAM/Forms/e06-003.png,Iam-0204,e06-003,,,,
/directory/IAM/Forms/e06-015.png,Iam-0204,e06-015,,,,
/directory/IAM/Forms/e06-030.png,Iam-0204,e06-030,,,,
/directory/IAM/Forms/d06-025.png,Iam-0205,d06-025,,,,
/directory/IAM/Forms/d06-067.png,Iam-0205,d06-067,,,,
/directory/IAM/Forms/d06-104.png,Iam-0205,d06-104,,,,
/directory/IAM/Forms/e06-026.png,Iam-0205,e06-026,,,,
/directory/IAM/Forms/e06-049.png,Iam-0205,e06-049,,,,
/directory/IAM/Forms/d06-027.png,Iam-0206,d06-027,,,,
/directory/IAM/Forms/d06-056.png,Iam-0206,d06-056,,,,
/directory/IAM/Forms/d06-096.png,Iam-0206,d06-096,,,,
/directory/IAM/Forms/e06-000.png,Iam-0206,e06-000,,,,
/directory/IAM/Forms/e06-021.png,Iam-0206,e06-021,,,,
/directory/IAM/Forms/d06-037.png,Iam-0207,d06-037,,,,
/directory/IAM/Forms/d06-072.png,Iam-0207,d06-072,,,,
/directory/IAM/Forms/d06-100.png,Iam-0207,d06-100,,,,
/directory/IAM/Forms/e06-033.png,Iam-0207,e06-033,,,,
/directory/IAM/Forms/e06-070.png,Iam-0207,e06-070,,,,
/directory/IAM/Forms/d06-041.png,Iam-0208,d06-041,,,,
/directory/IAM/Forms/d06-060.png,Iam-0208,d06-060,,,,
/directory/IAM/Forms/d06-086.png,Iam-0208,d06-086,,,,
/directory/IAM/Forms/d06-113.png,Iam-0208,d06-113,,,,
/directory/IAM/Forms/e06-053.png,Iam-0208,e06-053,,,,
/directory/IAM/Forms/d07-082.png,Iam-0209,d07-082,,,,
/directory/IAM/Forms/d07-085.png,Iam-0209,d07-085,,,,
/directory/IAM/Forms/d07-089.png,Iam-0209,d07-089,,,,
/directory/IAM/Forms/d07-093.png,Iam-0209,d07-093,,,,
/directory/IAM/Forms/d07-096.png,Iam-0209,d07-096,,,,
/directory/IAM/Forms/d07-100.png,Iam-0209,d07-100,,,,
/directory/IAM/Forms/d07-102.png,Iam-0209,d07-102,,,,
/directory/IAM/Forms/e01-014.png,Iam-0210,e01-014,,,,
/directory/IAM/Forms/e01-018.png,Iam-0210,e01-018,,,,
/directory/IAM/Forms/e01-022.png,Iam-0211,e01-022,,,,
/directory/IAM/Forms/e01-025.png,Iam-0211,e01-025,,,,
/directory/IAM/Forms/e01-029.png,Iam-0212,e01-029,,,,
/directory/IAM/Forms/e01-032.png,Iam-0212,e01-032,,,,
/directory/IAM/Forms/e01-035.png,Iam-0212,e01-035,,,,
/directory/IAM/Forms/e01-050.png,Iam-0213,e01-050,,,,
/directory/IAM/Forms/e01-059.png,Iam-0213,e01-059,,,,
/directory/IAM/Forms/e01-062.png,Iam-0213,e01-062,,,,
/directory/IAM/Forms/e01-081.png,Iam-0214,e01-081,,,,
/directory/IAM/Forms/e01-086.png,Iam-0214,e01-086,,,,
/directory/IAM/Forms/e01-092.png,Iam-0215,e01-092,,,,
/directory/IAM/Forms/e01-102.png,Iam-0215,e01-102,,,,
/directory/IAM/Forms/e01-107.png,Iam-0216,e01-107,,,,
/directory/IAM/Forms/e01-113.png,Iam-0216,e01-113,,,,
/directory/IAM/Forms/e01-119.png,Iam-0217,e01-119,,,,
/directory/IAM/Forms/f01-139.png,Iam-0217,f01-139,,,,
/directory/IAM/Forms/g01-000.png,Iam-0217,g01-000,,,,
/directory/IAM/Forms/e02-000.png,Iam-0218,e02-000,,,,
/directory/IAM/Forms/e02-014.png,Iam-0219,e02-014,,,,
/directory/IAM/Forms/e02-018.png,Iam-0220,e02-018,,,,
/directory/IAM/Forms/e02-021.png,Iam-0221,e02-021,,,,
/directory/IAM/Forms/e02-025.png,Iam-0222,e02-025,,,,
/directory/IAM/Forms/e02-074.png,Iam-0223,e02-074,,,,
/directory/IAM/Forms/e02-082.png,Iam-0224,e02-082,,,,
/directory/IAM/Forms/e02-086.png,Iam-0225,e02-086,,,,
/directory/IAM/Forms/e02-091.png,Iam-0226,e02-091,,,,
/directory/IAM/Forms/e02-094.png,Iam-0227,e02-094,,,,
/directory/IAM/Forms/e02-100.png,Iam-0228,e02-100,,,,
/directory/IAM/Forms/e02-117.png,Iam-0229,e02-117,,,,
/directory/IAM/Forms/e04-004.png,Iam-0230,e04-004,,,,
/directory/IAM/Forms/e04-008.png,Iam-0230,e04-008,,,,
/directory/IAM/Forms/e04-011.png,Iam-0231,e04-011,,,,
/directory/IAM/Forms/e04-015.png,Iam-0231,e04-015,,,,
/directory/IAM/Forms/e04-019.png,Iam-0232,e04-019,,,,
/directory/IAM/Forms/e04-022.png,Iam-0232,e04-022,,,,
/directory/IAM/Forms/e04-026.png,Iam-0233,e04-026,,,,
/directory/IAM/Forms/e04-030.png,Iam-0233,e04-030,,,,
/directory/IAM/Forms/e04-034.png,Iam-0234,e04-034,,,,
/directory/IAM/Forms/e04-038.png,Iam-0234,e04-038,,,,
/directory/IAM/Forms/e04-043.png,Iam-0235,e04-043,,,,
/directory/IAM/Forms/e04-052.png,Iam-0235,e04-052,,,,
/directory/IAM/Forms/e04-058.png,Iam-0236,e04-058,,,,
/directory/IAM/Forms/e04-062.png,Iam-0237,e04-062,,,,
/directory/IAM/Forms/e04-068.png,Iam-0237,e04-068,,,,
/directory/IAM/Forms/e04-079.png,Iam-0238,e04-079,,,,
/directory/IAM/Forms/e04-083.png,Iam-0239,e04-083,,,,
/directory/IAM/Forms/g04-003.png,Iam-0239,g04-003,,,,
/directory/IAM/Forms/h04-000.png,Iam-0239,h04-000,,,,
/directory/IAM/Forms/k04-017.png,Iam-0239,k04-017,,,,
/directory/IAM/Forms/e04-086.png,Iam-0240,e04-086,,,,
/directory/IAM/Forms/k04-022.png,Iam-0240,k04-022,,,,
/directory/IAM/Forms/e04-091.png,Iam-0241,e04-091,,,,
/directory/IAM/Forms/e04-095.png,Iam-0241,e04-095,,,,
/directory/IAM/Forms/e04-099.png,Iam-0241,e04-099,,,,
/directory/IAM/Forms/e04-132.png,Iam-0241,e04-132,,,,
/directory/IAM/Forms/e04-103.png,Iam-0242,e04-103,,,,
/directory/IAM/Forms/e04-109.png,Iam-0242,e04-109,,,,
/directory/IAM/Forms/e04-114.png,Iam-0242,e04-114,,,,
/directory/IAM/Forms/e04-119.png,Iam-0243,e04-119,,,,
/directory/IAM/Forms/e04-124.png,Iam-0243,e04-124,,,,
/directory/IAM/Forms/e04-127.png,Iam-0243,e04-127,,,,
/directory/IAM/Forms/e07-003.png,Iam-0244,e07-003,,,,
/directory/IAM/Forms/e07-007.png,Iam-0245,e07-007,,,,
/directory/IAM/Forms/e07-012.png,Iam-0246,e07-012,,,,
/directory/IAM/Forms/e07-061.png,Iam-0246,e07-061,,,,
/directory/IAM/Forms/e07-066.png,Iam-0246,e07-066,,,,
/directory/IAM/Forms/e07-072.png,Iam-0246,e07-072,,,,
/directory/IAM/Forms/e07-076.png,Iam-0247,e07-076,,,,
/directory/IAM/Forms/e07-079.png,Iam-0247,e07-079,,,,
/directory/IAM/Forms/e07-083.png,Iam-0247,e07-083,,,,
/directory/IAM/Forms/e07-086.png,Iam-0247,e07-086,,,,
/directory/IAM/Forms/e07-090.png,Iam-0247,e07-090,,,,
/directory/IAM/Forms/e07-094.png,Iam-0248,e07-094,,,,
/directory/IAM/Forms/e07-098.png,Iam-0248,e07-098,,,,
/directory/IAM/Forms/e07-101.png,Iam-0248,e07-101,,,,
/directory/IAM/Forms/e07-105.png,Iam-0248,e07-105,,,,
/directory/IAM/Forms/e07-108.png,Iam-0248,e07-108,,,,
/directory/IAM/Forms/e07-112.png,Iam-0249,e07-112,,,,
/directory/IAM/Forms/f01-053.png,Iam-0250,f01-053,,,,
/directory/IAM/Forms/f01-058.png,Iam-0250,f01-058,,,,
/directory/IAM/Forms/f01-066.png,Iam-0251,f01-066,,,,
/directory/IAM/Forms/f01-070.png,Iam-0252,f01-070,,,,
/directory/IAM/Forms/f01-075.png,Iam-0253,f01-075,,,,
/directory/IAM/Forms/f01-081.png,Iam-0254,f01-081,,,,
/directory/IAM/Forms/f01-085.png,Iam-0254,f01-085,,,,
/directory/IAM/Forms/f01-135.png,Iam-0255,f01-135,,,,
/directory/IAM/Forms/f01-143.png,Iam-0256,f01-143,,,,
/directory/IAM/Forms/f01-147.png,Iam-0256,f01-147,,,,
/directory/IAM/Forms/f02-000.png,Iam-0257,f02-000,,,,
/directory/IAM/Forms/f02-003.png,Iam-0258,f02-003,,,,
/directory/IAM/Forms/f02-017.png,Iam-0259,f02-017,,,,
/directory/IAM/Forms/f02-033.png,Iam-0259,f02-033,,,,
/directory/IAM/Forms/f02-020.png,Iam-0260,f02-020,,,,
/directory/IAM/Forms/f02-030.png,Iam-0261,f02-030,,,,
/directory/IAM/Forms/f02-036.png,Iam-0262,f02-036,,,,
/directory/IAM/Forms/f02-038.png,Iam-0263,f02-038,,,,
/directory/IAM/Forms/f02-040.png,Iam-0264,f02-040,,,,
/directory/IAM/Forms/f02-044.png,Iam-0265,f02-044,,,,
/directory/IAM/Forms/f02-076.png,Iam-0266,f02-076,,,,
/directory/IAM/Forms/f03-169.png,Iam-0267,f03-169,,,,
/directory/IAM/Forms/f03-174.png,Iam-0268,f03-174,,,,
/directory/IAM/Forms/f03-182.png,Iam-0269,f03-182,,,,
/directory/IAM/Forms/f03-191.png,Iam-0270,f03-191,,,,
/directory/IAM/Forms/f04-004.png,Iam-0272,f04-004,,,,
/directory/IAM/Forms/f04-011.png,Iam-0272,f04-011,,,,
/directory/IAM/Forms/f04-016.png,Iam-0272,f04-016,,,,
/directory/IAM/Forms/f04-007.png,Iam-0273,f04-007,,,,
/directory/IAM/Forms/g04-007.png,Iam-0273,g04-007,,,,
/directory/IAM/Forms/g04-011.png,Iam-0273,g04-011,,,,
/directory/IAM/Forms/g04-014.png,Iam-0273,g04-014,,,,
/directory/IAM/Forms/g04-095.png,Iam-0273,g04-095,,,,
/directory/IAM/Forms/f04-020.png,Iam-0274,f04-020,,,,
/directory/IAM/Forms/g04-017.png,Iam-0274,g04-017,,,,
/directory/IAM/Forms/g04-026.png,Iam-0274,g04-026,,,,
/directory/IAM/Forms/g04-032.png,Iam-0274,g04-032,,,,
/directory/IAM/Forms/h04-025.png,Iam-0274,h04-025,,,,
/directory/IAM/Forms/f04-024.png,Iam-0275,f04-024,,,,
/directory/IAM/Forms/f04-028.png,Iam-0275,f04-028,,,,
/directory/IAM/Forms/f04-032.png,Iam-0276,f04-032,,,,
/directory/IAM/Forms/f04-035.png,Iam-0276,f04-035,,,,
/directory/IAM/Forms/f04-039.png,Iam-0277,f04-039,,,,
/directory/IAM/Forms/f04-043.png,Iam-0277,f04-043,,,,
/directory/IAM/Forms/f04-046.png,Iam-0278,f04-046,,,,
/directory/IAM/Forms/f04-049.png,Iam-0278,f04-049,,,,
/directory/IAM/Forms/f04-053.png,Iam-0279,f04-053,,,,
/directory/IAM/Forms/f04-057.png,Iam-0279,f04-057,,,,
/directory/IAM/Forms/f04-061.png,Iam-0280,f04-061,,,,
/directory/IAM/Forms/f04-064.png,Iam-0280,f04-064,,,,
/directory/IAM/Forms/f04-068.png,Iam-0281,f04-068,,,,
/directory/IAM/Forms/f04-071.png,Iam-0281,f04-071,,,,
/directory/IAM/Forms/f04-074.png,Iam-0282,f04-074,,,,
/directory/IAM/Forms/f04-079.png,Iam-0282,f04-079,,,,
/directory/IAM/Forms/f04-083.png,Iam-0283,f04-083,,,,
/directory/IAM/Forms/f04-087.png,Iam-0283,f04-087,,,,
/directory/IAM/Forms/f07-000.png,Iam-0285,f07-000,,,,
/directory/IAM/Forms/f07-039a.png,Iam-0285,f07-039a,,,,
/directory/IAM/Forms/f07-042a.png,Iam-0285,f07-042a,,,,
/directory/IAM/Forms/f07-046a.png,Iam-0285,f07-046a,,,,
/directory/IAM/Forms/g07-079a.png,Iam-0285,g07-079a,,,,
/directory/IAM/Forms/f07-000b.png,Iam-0286,f07-000b,,,,
/directory/IAM/Forms/f07-002.png,Iam-0286,f07-002,,,,
/directory/IAM/Forms/f07-006.png,Iam-0286,f07-006,,,,
/directory/IAM/Forms/f07-009.png,Iam-0286,f07-009,,,,
/directory/IAM/Forms/f07-013.png,Iam-0287,f07-013,,,,
/directory/IAM/Forms/f07-016.png,Iam-0287,f07-016,,,,
/directory/IAM/Forms/f07-019b.png,Iam-0287,f07-019b,,,,
/directory/IAM/Forms/f07-021b.png,Iam-0287,f07-021b,,,,
/directory/IAM/Forms/f07-024b.png,Iam-0287,f07-024b,,,,
/directory/IAM/Forms/f07-019a.png,Iam-0288,f07-019a,,,,
/directory/IAM/Forms/f07-021a.png,Iam-0288,f07-021a,,,,
/directory/IAM/Forms/f07-024a.png,Iam-0288,f07-024a,,,,
/directory/IAM/Forms/f07-028a.png,Iam-0288,f07-028a,,,,
/directory/IAM/Forms/f07-032a.png,Iam-0288,f07-032a,,,,
/directory/IAM/Forms/f07-028b.png,Iam-0289,f07-028b,,,,
/directory/IAM/Forms/f07-032b.png,Iam-0289,f07-032b,,,,
/directory/IAM/Forms/f07-036.png,Iam-0289,f07-036,,,,
/directory/IAM/Forms/f07-039b.png,Iam-0289,f07-039b,,,,
/directory/IAM/Forms/f07-042b.png,Iam-0289,f07-042b,,,,
/directory/IAM/Forms/f07-046b.png,Iam-0290,f07-046b,,,,
/directory/IAM/Forms/f07-069.png,Iam-0291,f07-069,,,,
/directory/IAM/Forms/f07-073.png,Iam-0291,f07-073,,,,
/directory/IAM/Forms/f07-081b.png,Iam-0291,f07-081b,,,,
/directory/IAM/Forms/f07-084b.png,Iam-0291,f07-084b,,,,
/directory/IAM/Forms/f07-076a.png,Iam-0292,f07-076a,,,,
/directory/IAM/Forms/f07-081a.png,Iam-0292,f07-081a,,,,
/directory/IAM/Forms/f07-084a.png,Iam-0292,f07-084a,,,,
/directory/IAM/Forms/f07-088a.png,Iam-0292,f07-088a,,,,
/directory/IAM/Forms/f07-092a.png,Iam-0292,f07-092a,,,,
/directory/IAM/Forms/f07-096.png,Iam-0293,f07-096,,,,
/directory/IAM/Forms/f07-088b.png,Iam-0293,f07-088b,,,,
/directory/IAM/Forms/f07-092b.png,Iam-0293,f07-092b,,,,
/directory/IAM/Forms/f07-101b.png,Iam-0293,f07-101b,,,,
/directory/IAM/Forms/g07-000b.png,Iam-0293,g07-000b,,,,
/directory/IAM/Forms/f07-101a.png,Iam-0294,f07-101a,,,,
/directory/IAM/Forms/g07-000a.png,Iam-0294,g07-000a,,,,
/directory/IAM/Forms/g07-003a.png,Iam-0294,g07-003a,,,,
/directory/IAM/Forms/g07-007a.png,Iam-0294,g07-007a,,,,
/directory/IAM/Forms/g01-004.png,Iam-0295,g01-004,,,,
/directory/IAM/Forms/g01-008.png,Iam-0295,g01-008,,,,
/directory/IAM/Forms/g01-012.png,Iam-0296,g01-012,,,,
/directory/IAM/Forms/g01-016.png,Iam-0296,g01-016,,,,
/directory/IAM/Forms/g01-019.png,Iam-0296,g01-019,,,,
/directory/IAM/Forms/g01-022.png,Iam-0297,g01-022,,,,
/directory/IAM/Forms/g01-025.png,Iam-0297,g01-025,,,,
/directory/IAM/Forms/g01-027.png,Iam-0297,g01-027,,,,
/directory/IAM/Forms/g01-031.png,Iam-0298,g01-031,,,,
/directory/IAM/Forms/g01-034.png,Iam-0298,g01-034,,,,
/directory/IAM/Forms/g01-037.png,Iam-0298,g01-037,,,,
/directory/IAM/Forms/g01-039.png,Iam-0299,g01-039,,,,
/directory/IAM/Forms/g01-043.png,Iam-0299,g01-043,,,,
/directory/IAM/Forms/g01-045.png,Iam-0299,g01-045,,,,
/directory/IAM/Forms/g01-067.png,Iam-0300,g01-067,,,,
/directory/IAM/Forms/g01-070.png,Iam-0300,g01-070,,,,
/directory/IAM/Forms/g01-074.png,Iam-0300,g01-074,,,,
/directory/IAM/Forms/g01-083.png,Iam-0301,g01-083,,,,
/directory/IAM/Forms/h01-004.png,Iam-0301,h01-004,,,,
/directory/IAM/Forms/g01-088.png,Iam-0302,g01-088,,,,
/directory/IAM/Forms/g02-059.png,Iam-0303,g02-059,,,,
/directory/IAM/Forms/g02-062.png,Iam-0304,g02-062,,,,
/directory/IAM/Forms/g02-065.png,Iam-0305,g02-065,,,,
/directory/IAM/Forms/g02-073.png,Iam-0307,g02-073,,,,
/directory/IAM/Forms/g03-000.png,Iam-0308,g03-000,,,,
/directory/IAM/Forms/g03-004.png,Iam-0309,g03-004,,,,
/directory/IAM/Forms/g03-016.png,Iam-0310,g03-016,,,,
/directory/IAM/Forms/g03-032.png,Iam-0312,g03-032,,,,
/directory/IAM/Forms/g03-040.png,Iam-0313,g03-040,,,,
/directory/IAM/Forms/g03-043.png,Iam-0314,g03-043,,,,
/directory/IAM/Forms/g03-049.png,Iam-0315,g03-049,,,,
/directory/IAM/Forms/n02-104.png,Iam-0315,n02-104,,,,
/directory/IAM/Forms/n02-109.png,Iam-0315,n02-109,,,,
/directory/IAM/Forms/n02-114.png,Iam-0315,n02-114,,,,
/directory/IAM/Forms/n02-120.png,Iam-0315,n02-120,,,,
/directory/IAM/Forms/n02-127.png,Iam-0315,n02-127,,,,
/directory/IAM/Forms/r03-053.png,Iam-0315,r03-053,,,,
/directory/IAM/Forms/g03-052.png,Iam-0316,g03-052,,,,
/directory/IAM/Forms/g03-058.png,Iam-0317,g03-058,,,,
/directory/IAM/Forms/g03-064.png,Iam-0318,g03-064,,,,
/directory/IAM/Forms/g04-022.png,Iam-0319,g04-022,,,,
/directory/IAM/Forms/g04-036.png,Iam-0320,g04-036,,,,
/directory/IAM/Forms/g04-039.png,Iam-0320,g04-039,,,,
/directory/IAM/Forms/g04-043.png,Iam-0321,g04-043,,,,
/directory/IAM/Forms/g04-048.png,Iam-0321,g04-048,,,,
/directory/IAM/Forms/g04-052.png,Iam-0322,g04-052,,,,
/directory/IAM/Forms/g04-055.png,Iam-0323,g04-055,,,,
/directory/IAM/Forms/g04-060.png,Iam-0324,g04-060,,,,
/directory/IAM/Forms/g04-063.png,Iam-0324,g04-063,,,,
/directory/IAM/Forms/g04-068.png,Iam-0325,g04-068,,,,
/directory/IAM/Forms/g04-072.png,Iam-0325,g04-072,,,,
/directory/IAM/Forms/g04-077.png,Iam-0326,g04-077,,,,
/directory/IAM/Forms/g04-081.png,Iam-0327,g04-081,,,,
/directory/IAM/Forms/g04-088.png,Iam-0328,g04-088,,,,
/directory/IAM/Forms/g04-092.png,Iam-0328,g04-092,,,,
/directory/IAM/Forms/g04-098.png,Iam-0329,g04-098,,,,
/directory/IAM/Forms/g04-101.png,Iam-0329,g04-101,,,,
/directory/IAM/Forms/g04-104.png,Iam-0330,g04-104,,,,
/directory/IAM/Forms/g04-108.png,Iam-0330,g04-108,,,,
/directory/IAM/Forms/h04-007.png,Iam-0330,h04-007,,,,
/directory/IAM/Forms/h04-021.png,Iam-0330,h04-021,,,,
/directory/IAM/Forms/g05-087.png,Iam-0331,g05-087,,,,
/directory/IAM/Forms/g06-011a.png,Iam-0332,g06-011a,,,,
/directory/IAM/Forms/g06-018a.png,Iam-0332,g06-018a,,,,
/directory/IAM/Forms/g06-026a.png,Iam-0332,g06-026a,,,,
/directory/IAM/Forms/g06-031a.png,Iam-0332,g06-031a,,,,
/directory/IAM/Forms/g06-042a.png,Iam-0332,g06-042a,,,,
/directory/IAM/Forms/g06-045a.png,Iam-0332,g06-045a,,,,
/directory/IAM/Forms/g06-047a.png,Iam-0332,g06-047a,,,,
/directory/IAM/Forms/g06-050a.png,Iam-0332,g06-050a,,,,
/directory/IAM/Forms/g06-011b.png,Iam-0333,g06-011b,,,,
/directory/IAM/Forms/g06-018b.png,Iam-0333,g06-018b,,,,
/directory/IAM/Forms/g06-026b.png,Iam-0333,g06-026b,,,,
/directory/IAM/Forms/g06-031b.png,Iam-0333,g06-031b,,,,
/directory/IAM/Forms/g06-037b.png,Iam-0333,g06-037b,,,,
/directory/IAM/Forms/g06-042b.png,Iam-0333,g06-042b,,,,
/directory/IAM/Forms/g06-045b.png,Iam-0333,g06-045b,,,,
/directory/IAM/Forms/g06-047b.png,Iam-0333,g06-047b,,,,
/directory/IAM/Forms/g06-050b.png,Iam-0333,g06-050b,,,,
/directory/IAM/Forms/g06-011c.png,Iam-0334,g06-011c,,,,
/directory/IAM/Forms/g06-018c.png,Iam-0334,g06-018c,,,,
/directory/IAM/Forms/g06-026c.png,Iam-0334,g06-026c,,,,
/directory/IAM/Forms/g06-031c.png,Iam-0334,g06-031c,,,,
/directory/IAM/Forms/g06-037c.png,Iam-0334,g06-037c,,,,
/directory/IAM/Forms/g06-042c.png,Iam-0334,g06-042c,,,,
/directory/IAM/Forms/g06-045c.png,Iam-0334,g06-045c,,,,
/directory/IAM/Forms/g06-047c.png,Iam-0334,g06-047c,,,,
/directory/IAM/Forms/g06-050c.png,Iam-0334,g06-050c,,,,
/directory/IAM/Forms/g06-018d.png,Iam-0335,g06-018d,,,,
/directory/IAM/Forms/g06-026d.png,Iam-0335,g06-026d,,,,
/directory/IAM/Forms/g06-031d.png,Iam-0335,g06-031d,,,,
/directory/IAM/Forms/g06-037d.png,Iam-0335,g06-037d,,,,
/directory/IAM/Forms/g06-042d.png,Iam-0335,g06-042d,,,,
/directory/IAM/Forms/g06-045d.png,Iam-0335,g06-045d,,,,
/directory/IAM/Forms/g06-047d.png,Iam-0335,g06-047d,,,,
/directory/IAM/Forms/g06-050d.png,Iam-0335,g06-050d,,,,
/directory/IAM/Forms/g06-011e.png,Iam-0336,g06-011e,,,,
/directory/IAM/Forms/g06-018e.png,Iam-0336,g06-018e,,,,
/directory/IAM/Forms/g06-026e.png,Iam-0336,g06-026e,,,,
/directory/IAM/Forms/g06-031e.png,Iam-0336,g06-031e,,,,
/directory/IAM/Forms/g06-037e.png,Iam-0336,g06-037e,,,,
/directory/IAM/Forms/g06-042e.png,Iam-0336,g06-042e,,,,
/directory/IAM/Forms/g06-045e.png,Iam-0336,g06-045e,,,,
/directory/IAM/Forms/g06-047e.png,Iam-0336,g06-047e,,,,
/directory/IAM/Forms/g06-050e.png,Iam-0336,g06-050e,,,,
/directory/IAM/Forms/g06-011f.png,Iam-0337,g06-011f,,,,
/directory/IAM/Forms/g06-018f.png,Iam-0337,g06-018f,,,,
/directory/IAM/Forms/g06-026f.png,Iam-0337,g06-026f,,,,
/directory/IAM/Forms/g06-031f.png,Iam-0337,g06-031f,,,,
/directory/IAM/Forms/g06-037f.png,Iam-0337,g06-037f,,,,
/directory/IAM/Forms/g06-042f.png,Iam-0337,g06-042f,,,,
/directory/IAM/Forms/g06-045f.png,Iam-0337,g06-045f,,,,
/directory/IAM/Forms/g06-047f.png,Iam-0337,g06-047f,,,,
/directory/IAM/Forms/g06-050f.png,Iam-0337,g06-050f,,,,
/directory/IAM/Forms/g06-011g.png,Iam-0338,g06-011g,,,,
/directory/IAM/Forms/g06-018g.png,Iam-0338,g06-018g,,,,
/directory/IAM/Forms/g06-026g.png,Iam-0338,g06-026g,,,,
/directory/IAM/Forms/g06-031g.png,Iam-0338,g06-031g,,,,
/directory/IAM/Forms/g06-037g.png,Iam-0338,g06-037g,,,,
/directory/IAM/Forms/g06-042g.png,Iam-0338,g06-042g,,,,
/directory/IAM/Forms/g06-045g.png,Iam-0338,g06-045g,,,,
/directory/IAM/Forms/g06-047g.png,Iam-0338,g06-047g,,,,
/directory/IAM/Forms/g06-050g.png,Iam-0338,g06-050g,,,,
/directory/IAM/Forms/g06-011h.png,Iam-0339,g06-011h,,,,
/directory/IAM/Forms/g06-018h.png,Iam-0339,g06-018h,,,,
/directory/IAM/Forms/g06-026h.png,Iam-0339,g06-026h,,,,
/directory/IAM/Forms/g06-031h.png,Iam-0339,g06-031h,,,,
/directory/IAM/Forms/g06-037h.png,Iam-0339,g06-037h,,,,
/directory/IAM/Forms/g06-042h.png,Iam-0339,g06-042h,,,,
/directory/IAM/Forms/g06-045h.png,Iam-0339,g06-045h,,,,
/directory/IAM/Forms/g06-047h.png,Iam-0339,g06-047h,,,,
/directory/IAM/Forms/g06-050h.png,Iam-0339,g06-050h,,,,
/directory/IAM/Forms/g06-011i.png,Iam-0340,g06-011i,,,,
/directory/IAM/Forms/g06-018i.png,Iam-0340,g06-018i,,,,
/directory/IAM/Forms/g06-026i.png,Iam-0340,g06-026i,,,,
/directory/IAM/Forms/g06-031i.png,Iam-0340,g06-031i,,,,
/directory/IAM/Forms/g06-037i.png,Iam-0340,g06-037i,,,,
/directory/IAM/Forms/g06-042i.png,Iam-0340,g06-042i,,,,
/directory/IAM/Forms/g06-045i.png,Iam-0340,g06-045i,,,,
/directory/IAM/Forms/g06-047i.png,Iam-0340,g06-047i,,,,
/directory/IAM/Forms/g06-050i.png,Iam-0340,g06-050i,,,,
/directory/IAM/Forms/g06-011j.png,Iam-0341,g06-011j,,,,
/directory/IAM/Forms/g06-018j.png,Iam-0341,g06-018j,,,,
/directory/IAM/Forms/g06-026j.png,Iam-0341,g06-026j,,,,
/directory/IAM/Forms/g06-031j.png,Iam-0341,g06-031j,,,,
/directory/IAM/Forms/g06-037j.png,Iam-0341,g06-037j,,,,
/directory/IAM/Forms/g06-042j.png,Iam-0341,g06-042j,,,,
/directory/IAM/Forms/g06-045j.png,Iam-0341,g06-045j,,,,
/directory/IAM/Forms/g06-047j.png,Iam-0341,g06-047j,,,,
/directory/IAM/Forms/g06-050j.png,Iam-0341,g06-050j,,,,
/directory/IAM/Forms/g06-011k.png,Iam-0342,g06-011k,,,,
/directory/IAM/Forms/g06-018k.png,Iam-0342,g06-018k,,,,
/directory/IAM/Forms/g06-026k.png,Iam-0342,g06-026k,,,,
/directory/IAM/Forms/g06-031k.png,Iam-0342,g06-031k,,,,
/directory/IAM/Forms/g06-037k.png,Iam-0342,g06-037k,,,,
/directory/IAM/Forms/g06-042k.png,Iam-0342,g06-042k,,,,
/directory/IAM/Forms/g06-045k.png,Iam-0342,g06-045k,,,,
/directory/IAM/Forms/g06-047k.png,Iam-0342,g06-047k,,,,
/directory/IAM/Forms/g06-050k.png,Iam-0342,g06-050k,,,,
/directory/IAM/Forms/g06-011l.png,Iam-0343,g06-011l,,,,
/directory/IAM/Forms/g06-018l.png,Iam-0343,g06-018l,,,,
/directory/IAM/Forms/g06-026l.png,Iam-0343,g06-026l,,,,
/directory/IAM/Forms/g06-031l.png,Iam-0343,g06-031l,,,,
/directory/IAM/Forms/g06-037l.png,Iam-0343,g06-037l,,,,
/directory/IAM/Forms/g06-042l.png,Iam-0343,g06-042l,,,,
/directory/IAM/Forms/g06-045l.png,Iam-0343,g06-045l,,,,
/directory/IAM/Forms/g06-047l.png,Iam-0343,g06-047l,,,,
/directory/IAM/Forms/g06-050l.png,Iam-0343,g06-050l,,,,
/directory/IAM/Forms/g06-011m.png,Iam-0344,g06-011m,,,,
/directory/IAM/Forms/g06-018m.png,Iam-0344,g06-018m,,,,
/directory/IAM/Forms/g06-026m.png,Iam-0344,g06-026m,,,,
/directory/IAM/Forms/g06-031m.png,Iam-0344,g06-031m,,,,
/directory/IAM/Forms/g06-037m.png,Iam-0344,g06-037m,,,,
/directory/IAM/Forms/g06-042m.png,Iam-0344,g06-042m,,,,
/directory/IAM/Forms/g06-045m.png,Iam-0344,g06-045m,,,,
/directory/IAM/Forms/g06-047m.png,Iam-0344,g06-047m,,,,
/directory/IAM/Forms/g06-050m.png,Iam-0344,g06-050m,,,,
/directory/IAM/Forms/g06-011n.png,Iam-0345,g06-011n,,,,
/directory/IAM/Forms/g06-018n.png,Iam-0345,g06-018n,,,,
/directory/IAM/Forms/g06-026n.png,Iam-0345,g06-026n,,,,
/directory/IAM/Forms/g06-031n.png,Iam-0345,g06-031n,,,,
/directory/IAM/Forms/g06-037n.png,Iam-0345,g06-037n,,,,
/directory/IAM/Forms/g06-042n.png,Iam-0345,g06-042n,,,,
/directory/IAM/Forms/g06-045n.png,Iam-0345,g06-045n,,,,
/directory/IAM/Forms/g06-047n.png,Iam-0345,g06-047n,,,,
/directory/IAM/Forms/g06-050n.png,Iam-0345,g06-050n,,,,
/directory/IAM/Forms/g06-011o.png,Iam-0346,g06-011o,,,,
/directory/IAM/Forms/g06-018o.png,Iam-0346,g06-018o,,,,
/directory/IAM/Forms/g06-026o.png,Iam-0346,g06-026o,,,,
/directory/IAM/Forms/g06-031o.png,Iam-0346,g06-031o,,,,
/directory/IAM/Forms/g06-037o.png,Iam-0346,g06-037o,,,,
/directory/IAM/Forms/g06-042o.png,Iam-0346,g06-042o,,,,
/directory/IAM/Forms/g06-045o.png,Iam-0346,g06-045o,,,,
/directory/IAM/Forms/g06-047o.png,Iam-0346,g06-047o,,,,
/directory/IAM/Forms/g06-050o.png,Iam-0346,g06-050o,,,,
/directory/IAM/Forms/g06-011p.png,Iam-0347,g06-011p,,,,
/directory/IAM/Forms/g06-018p.png,Iam-0347,g06-018p,,,,
/directory/IAM/Forms/g06-026p.png,Iam-0347,g06-026p,,,,
/directory/IAM/Forms/g06-031p.png,Iam-0347,g06-031p,,,,
/directory/IAM/Forms/g06-037p.png,Iam-0347,g06-037p,,,,
/directory/IAM/Forms/g06-042p.png,Iam-0347,g06-042p,,,,
/directory/IAM/Forms/g06-045p.png,Iam-0347,g06-045p,,,,
/directory/IAM/Forms/g06-047p.png,Iam-0347,g06-047p,,,,
/directory/IAM/Forms/g06-050p.png,Iam-0347,g06-050p,,,,
/directory/IAM/Forms/g06-011r.png,Iam-0348,g06-011r,,,,
/directory/IAM/Forms/g06-018r.png,Iam-0348,g06-018r,,,,
/directory/IAM/Forms/g06-026r.png,Iam-0348,g06-026r,,,,
/directory/IAM/Forms/g06-031r.png,Iam-0348,g06-031r,,,,
/directory/IAM/Forms/g06-037r.png,Iam-0348,g06-037r,,,,
/directory/IAM/Forms/g06-042r.png,Iam-0348,g06-042r,,,,
/directory/IAM/Forms/g06-045r.png,Iam-0348,g06-045r,,,,
/directory/IAM/Forms/g06-047r.png,Iam-0348,g06-047r,,,,
/directory/IAM/Forms/g06-050r.png,Iam-0348,g06-050r,,,,
/directory/IAM/Forms/g06-089.png,Iam-0349,g06-089,,,,
/directory/IAM/Forms/g06-093.png,Iam-0349,g06-093,,,,
/directory/IAM/Forms/g06-096.png,Iam-0349,g06-096,,,,
/directory/IAM/Forms/g06-101.png,Iam-0349,g06-101,,,,
/directory/IAM/Forms/g06-105.png,Iam-0349,g06-105,,,,
/directory/IAM/Forms/g06-109.png,Iam-0349,g06-109,,,,
/directory/IAM/Forms/g06-115.png,Iam-0349,g06-115,,,,
/directory/IAM/Forms/h06-000.png,Iam-0349,h06-000,,,,
/directory/IAM/Forms/h06-003.png,Iam-0349,h06-003,,,,
/directory/IAM/Forms/g07-003b.png,Iam-0350,g07-003b,,,,
/directory/IAM/Forms/g07-007b.png,Iam-0350,g07-007b,,,,
/directory/IAM/Forms/g07-010b.png,Iam-0350,g07-010b,,,,
/directory/IAM/Forms/g07-014b.png,Iam-0350,g07-014b,,,,
/directory/IAM/Forms/g07-014.png,Iam-0351,g07-014,,,,
/directory/IAM/Forms/g07-018a.png,Iam-0351,g07-018a,,,,
/directory/IAM/Forms/g07-022a.png,Iam-0351,g07-022a,,,,
/directory/IAM/Forms/g07-026a.png,Iam-0351,g07-026a,,,,
/directory/IAM/Forms/g07-028a.png,Iam-0351,g07-028a,,,,
/directory/IAM/Forms/g07-022b.png,Iam-0352,g07-022b,,,,
/directory/IAM/Forms/g07-026b.png,Iam-0352,g07-026b,,,,
/directory/IAM/Forms/g07-028b.png,Iam-0352,g07-028b,,,,
/directory/IAM/Forms/g07-030.png,Iam-0352,g07-030,,,,
/directory/IAM/Forms/g07-034.png,Iam-0352,g07-034,,,,
/directory/IAM/Forms/g07-038.png,Iam-0353,g07-038,,,,
/directory/IAM/Forms/g07-042.png,Iam-0353,g07-042,,,,
/directory/IAM/Forms/g07-044.png,Iam-0353,g07-044,,,,
/directory/IAM/Forms/g07-047.png,Iam-0353,g07-047,,,,
/directory/IAM/Forms/g07-050.png,Iam-0353,g07-050,,,,
/directory/IAM/Forms/g07-065.png,Iam-0354,g07-065,,,,
/directory/IAM/Forms/g07-069a.png,Iam-0354,g07-069a,,,,
/directory/IAM/Forms/g07-071a.png,Iam-0354,g07-071a,,,,
/directory/IAM/Forms/g07-074a.png,Iam-0354,g07-074a,,,,
/directory/IAM/Forms/g07-077a.png,Iam-0354,g07-077a,,,,
/directory/IAM/Forms/g07-084.png,Iam-0355,g07-084,,,,
/directory/IAM/Forms/h07-000.png,Iam-0355,h07-000,,,,
/directory/IAM/Forms/h07-003.png,Iam-0355,h07-003,,,,
/directory/IAM/Forms/h07-007.png,Iam-0355,h07-007,,,,
/directory/IAM/Forms/h07-011.png,Iam-0355,h07-011,,,,
/directory/IAM/Forms/h01-000.png,Iam-0356,h01-000,,,,
/directory/IAM/Forms/h01-007.png,Iam-0356,h01-007,,,,
/directory/IAM/Forms/h01-010.png,Iam-0357,h01-010,,,,
/directory/IAM/Forms/h01-014.png,Iam-0357,h01-014,,,,
/directory/IAM/Forms/h01-018.png,Iam-0357,h01-018,,,,
/directory/IAM/Forms/h01-024.png,Iam-0359,h01-024,,,,
/directory/IAM/Forms/h01-027.png,Iam-0360,h01-027,,,,
/directory/IAM/Forms/h01-030.png,Iam-0361,h01-030,,,,
/directory/IAM/Forms/h02-004.png,Iam-0362,h02-004,,,,
/directory/IAM/Forms/h02-008.png,Iam-0363,h02-008,,,,
/directory/IAM/Forms/h02-012.png,Iam-0364,h02-012,,,,
/directory/IAM/Forms/m01-100.png,Iam-0364,m01-100,,,,
/directory/IAM/Forms/h02-017.png,Iam-0365,h02-017,,,,
/directory/IAM/Forms/h02-019.png,Iam-0366,h02-019,,,,
/directory/IAM/Forms/h02-022.png,Iam-0367,h02-022,,,,
/directory/IAM/Forms/h02-024.png,Iam-0368,h02-024,,,,
/directory/IAM/Forms/h02-028.png,Iam-0369,h02-028,,,,
/directory/IAM/Forms/h02-035.png,Iam-0370,h02-035,,,,
/directory/IAM/Forms/h02-037.png,Iam-0371,h02-037,,,,
/directory/IAM/Forms/h02-040.png,Iam-0372,h02-040,,,,
/directory/IAM/Forms/h02-043.png,Iam-0373,h02-043,,,,
/directory/IAM/Forms/h02-049.png,Iam-0375,h02-049,,,,
/directory/IAM/Forms/h04-028.png,Iam-0376,h04-028,,,,
/directory/IAM/Forms/h04-035.png,Iam-0377,h04-035,,,,
/directory/IAM/Forms/h04-049.png,Iam-0378,h04-049,,,,
/directory/IAM/Forms/h04-052.png,Iam-0379,h04-052,,,,
/directory/IAM/Forms/h04-055.png,Iam-0379,h04-055,,,,
/directory/IAM/Forms/h04-057.png,Iam-0380,h04-057,,,,
/directory/IAM/Forms/h04-061.png,Iam-0380,h04-061,,,,
/directory/IAM/Forms/h04-071.png,Iam-0382,h04-071,,,,
/directory/IAM/Forms/h04-074.png,Iam-0382,h04-074,,,,
/directory/IAM/Forms/h04-078.png,Iam-0383,h04-078,,,,
/directory/IAM/Forms/h04-082.png,Iam-0383,h04-082,,,,
/directory/IAM/Forms/h06-079.png,Iam-0384,h06-079,,,,
/directory/IAM/Forms/h06-082.png,Iam-0384,h06-082,,,,
/directory/IAM/Forms/h06-085.png,Iam-0384,h06-085,,,,
/directory/IAM/Forms/h06-089.png,Iam-0384,h06-089,,,,
/directory/IAM/Forms/h06-092.png,Iam-0384,h06-092,,,,
/directory/IAM/Forms/h06-096.png,Iam-0384,h06-096,,,,
/directory/IAM/Forms/j06-000.png,Iam-0384,j06-000,,,,
/directory/IAM/Forms/j06-005.png,Iam-0384,j06-005,,,,
/directory/IAM/Forms/j06-008.png,Iam-0384,j06-008,,,,
/directory/IAM/Forms/j06-014.png,Iam-0384,j06-014,,,,
/directory/IAM/Forms/h07-013.png,Iam-0385,h07-013,,,,
/directory/IAM/Forms/h07-017.png,Iam-0385,h07-017,,,,
/directory/IAM/Forms/h07-020.png,Iam-0385,h07-020,,,,
/directory/IAM/Forms/h07-023.png,Iam-0385,h07-023,,,,
/directory/IAM/Forms/h07-025a.png,Iam-0385,h07-025a,,,,
/directory/IAM/Forms/h07-025.png,Iam-0386,h07-025,,,,
/directory/IAM/Forms/h07-028.png,Iam-0386,h07-028,,,,
/directory/IAM/Forms/h07-030.png,Iam-0386,h07-030,,,,
/directory/IAM/Forms/h07-033.png,Iam-0386,h07-033,,,,
/directory/IAM/Forms/h07-037.png,Iam-0386,h07-037,,,,
/directory/IAM/Forms/h07-028a.png,Iam-0387,h07-028a,,,,
/directory/IAM/Forms/h07-030a.png,Iam-0387,h07-030a,,,,
/directory/IAM/Forms/h07-033a.png,Iam-0387,h07-033a,,,,
/directory/IAM/Forms/h07-037a.png,Iam-0387,h07-037a,,,,
/directory/IAM/Forms/h07-040b.png,Iam-0387,h07-040b,,,,
/directory/IAM/Forms/h07-040.png,Iam-0388,h07-040,,,,
/directory/IAM/Forms/h07-044a.png,Iam-0388,h07-044a,,,,
/directory/IAM/Forms/h07-051b.png,Iam-0388,h07-051b,,,,
/directory/IAM/Forms/h07-054a.png,Iam-0389,h07-054a,,,,
/directory/IAM/Forms/h07-057a.png,Iam-0389,h07-057a,,,,
/directory/IAM/Forms/h07-060a.png,Iam-0389,h07-060a,,,,
/directory/IAM/Forms/h07-063a.png,Iam-0389,h07-063a,,,,
/directory/IAM/Forms/h07-066a.png,Iam-0389,h07-066a,,,,
/directory/IAM/Forms/h07-060b.png,Iam-0390,h07-060b,,,,
/directory/IAM/Forms/h07-063b.png,Iam-0390,h07-063b,,,,
/directory/IAM/Forms/h07-066b.png,Iam-0390,h07-066b,,,,
/directory/IAM/Forms/h07-069a.png,Iam-0390,h07-069a,,,,
/directory/IAM/Forms/h07-071a.png,Iam-0390,h07-071a,,,,
/directory/IAM/Forms/h07-069.png,Iam-0391,h07-069,,,,
/directory/IAM/Forms/h07-071.png,Iam-0391,h07-071,,,,
/directory/IAM/Forms/h07-075.png,Iam-0391,h07-075,,,,
/directory/IAM/Forms/h07-078.png,Iam-0391,h07-078,,,,
/directory/IAM/Forms/h07-080.png,Iam-0391,h07-080,,,,
/directory/IAM/Forms/h07-075a.png,Iam-0392,h07-075a,,,,
/directory/IAM/Forms/h07-078a.png,Iam-0392,h07-078a,,,,
/directory/IAM/Forms/h07-080a.png,Iam-0392,h07-080a,,,,
/directory/IAM/Forms/h07-084.png,Iam-0392,h07-084,,,,
/directory/IAM/Forms/h07-087.png,Iam-0393,h07-087,,,,
/directory/IAM/Forms/j07-000.png,Iam-0393,j07-000,,,,
/directory/IAM/Forms/j07-009.png,Iam-0393,j07-009,,,,
/directory/IAM/Forms/j07-012.png,Iam-0393,j07-012,,,,
/directory/IAM/Forms/j07-015.png,Iam-0393,j07-015,,,,
/directory/IAM/Forms/j01-042.png,Iam-0394,j01-042,,,,
/directory/IAM/Forms/j01-045.png,Iam-0394,j01-045,,,,
/directory/IAM/Forms/j01-049.png,Iam-0395,j01-049,,,,
/directory/IAM/Forms/j01-059.png,Iam-0396,j01-059,,,,
/directory/IAM/Forms/j01-063.png,Iam-0397,j01-063,,,,
/directory/IAM/Forms/j01-066.png,Iam-0398,j01-066,,,,
/directory/IAM/Forms/j01-070.png,Iam-0399,j01-070,,,,
/directory/IAM/Forms/j04-008.png,Iam-0400,j04-008,,,,
/directory/IAM/Forms/j04-012.png,Iam-0401,j04-012,,,,
/directory/IAM/Forms/j04-015.png,Iam-0402,j04-015,,,,
/directory/IAM/Forms/j04-019.png,Iam-0403,j04-019,,,,
/directory/IAM/Forms/j04-024.png,Iam-0403,j04-024,,,,
/directory/IAM/Forms/j04-039.png,Iam-0404,j04-039,,,,
/directory/IAM/Forms/j04-035.png,Iam-0405,j04-035,,,,
/directory/IAM/Forms/j04-046.png,Iam-0405,j04-046,,,,
/directory/IAM/Forms/k04-005.png,Iam-0406,k04-005,,,,
/directory/IAM/Forms/j04-053.png,Iam-0407,j04-053,,,,
/directory/IAM/Forms/j04-061.png,Iam-0408,j04-061,,,,
/directory/IAM/Forms/j04-065.png,Iam-0408,j04-065,,,,
/directory/IAM/Forms/j04-070.png,Iam-0409,j04-070,,,,
/directory/IAM/Forms/j04-076.png,Iam-0409,j04-076,,,,
/directory/IAM/Forms/j04-080.png,Iam-0410,j04-080,,,,
/directory/IAM/Forms/j04-094.png,Iam-0411,j04-094,,,,
/directory/IAM/Forms/j04-098.png,Iam-0412,j04-098,,,,
/directory/IAM/Forms/j04-103.png,Iam-0413,j04-103,,,,
/directory/IAM/Forms/j04-111.png,Iam-0414,j04-111,,,,
/directory/IAM/Forms/j04-115.png,Iam-0414,j04-115,,,,
/directory/IAM/Forms/j06-018.png,Iam-0415,j06-018,,,,
/directory/IAM/Forms/j06-022.png,Iam-0415,j06-022,,,,
/directory/IAM/Forms/j06-026.png,Iam-0415,j06-026,,,,
/directory/IAM/Forms/j06-030.png,Iam-0415,j06-030,,,,
/directory/IAM/Forms/j06-034.png,Iam-0415,j06-034,,,,
/directory/IAM/Forms/j06-051.png,Iam-0415,j06-051,,,,
/directory/IAM/Forms/j06-056.png,Iam-0415,j06-056,,,,
/directory/IAM/Forms/j07-005.png,Iam-0416,j07-005,,,,
/directory/IAM/Forms/k01-051.png,Iam-0417,k01-051,,,,
/directory/IAM/Forms/k02-018.png,Iam-0418,k02-018,,,,
/directory/IAM/Forms/k02-023.png,Iam-0419,k02-023,,,,
/directory/IAM/Forms/k02-029.png,Iam-0420,k02-029,,,,
/directory/IAM/Forms/k03-180.png,Iam-0420,k03-180,,,,
/directory/IAM/Forms/k02-036.png,Iam-0421,k02-036,,,,
/directory/IAM/Forms/k02-053.png,Iam-0422,k02-053,,,,
/directory/IAM/Forms/k02-062.png,Iam-0423,k02-062,,,,
/directory/IAM/Forms/k02-067.png,Iam-0424,k02-067,,,,
/directory/IAM/Forms/k02-076.png,Iam-0425,k02-076,,,,
/directory/IAM/Forms/k02-093.png,Iam-0426,k02-093,,,,
/directory/IAM/Forms/k02-097.png,Iam-0427,k02-097,,,,
/directory/IAM/Forms/k02-102.png,Iam-0428,k02-102,,,,
/directory/IAM/Forms/k02-112.png,Iam-0429,k02-112,,,,
/directory/IAM/Forms/k02-117.png,Iam-0430,k02-117,,,,
/directory/IAM/Forms/k03-117.png,Iam-0431,k03-117,,,,
/directory/IAM/Forms/k03-138.png,Iam-0432,k03-138,,,,
/directory/IAM/Forms/k03-144.png,Iam-0433,k03-144,,,,
/directory/IAM/Forms/k03-152.png,Iam-0434,k03-152,,,,
/directory/IAM/Forms/k03-157.png,Iam-0435,k03-157,,,,
/directory/IAM/Forms/k03-164.png,Iam-0436,k03-164,,,,
/directory/IAM/Forms/k04-000.png,Iam-0439,k04-000,,,,
/directory/IAM/Forms/k04-039.png,Iam-0439,k04-039,,,,
/directory/IAM/Forms/k04-010.png,Iam-0440,k04-010,,,,
/directory/IAM/Forms/k04-014.png,Iam-0441,k04-014,,,,
/directory/IAM/Forms/k04-028.png,Iam-0442,k04-028,,,,
/directory/IAM/Forms/k04-033.png,Iam-0442,k04-033,,,,
/directory/IAM/Forms/k04-050.png,Iam-0443,k04-050,,,,
/directory/IAM/Forms/k04-054.png,Iam-0443,k04-054,,,,
/directory/IAM/Forms/k04-057.png,Iam-0444,k04-057,,,,
/directory/IAM/Forms/k04-061.png,Iam-0444,k04-061,,,,
/directory/IAM/Forms/k04-064.png,Iam-0445,k04-064,,,,
/directory/IAM/Forms/k04-068.png,Iam-0445,k04-068,,,,
/directory/IAM/Forms/k04-075.png,Iam-0446,k04-075,,,,
/directory/IAM/Forms/k04-079.png,Iam-0446,k04-079,,,,
/directory/IAM/Forms/k04-085.png,Iam-0447,k04-085,,,,
/directory/IAM/Forms/k04-093.png,Iam-0447,k04-093,,,,
/directory/IAM/Forms/k04-099.png,Iam-0448,k04-099,,,,
/directory/IAM/Forms/k04-103.png,Iam-0448,k04-103,,,,
/directory/IAM/Forms/k04-106.png,Iam-0449,k04-106,,,,
/directory/IAM/Forms/k04-119.png,Iam-0449,k04-119,,,,
/directory/IAM/Forms/k04-110.png,Iam-0450,k04-110,,,,
/directory/IAM/Forms/k04-115.png,Iam-0450,k04-115,,,,
/directory/IAM/Forms/k04-126.png,Iam-0451,k04-126,,,,
/directory/IAM/Forms/k04-136.png,Iam-0451,k04-136,,,,
/directory/IAM/Forms/k04-142.png,Iam-0452,k04-142,,,,
/directory/IAM/Forms/k04-149.png,Iam-0452,k04-149,,,,
/directory/IAM/Forms/k04-156.png,Iam-0453,k04-156,,,,
/directory/IAM/Forms/k04-163.png,Iam-0453,k04-163,,,,
/directory/IAM/Forms/k07-059a.png,Iam-0454,k07-059a,,,,
/directory/IAM/Forms/k07-063a.png,Iam-0454,k07-063a,,,,
/directory/IAM/Forms/k07-067a.png,Iam-0454,k07-067a,,,,
/directory/IAM/Forms/k07-077.png,Iam-0454,k07-077,,,,
/directory/IAM/Forms/k07-085.png,Iam-0454,k07-085,,,,
/directory/IAM/Forms/k07-122.png,Iam-0455,k07-122,,,,
/directory/IAM/Forms/k07-125.png,Iam-0455,k07-125,,,,
/directory/IAM/Forms/k07-134.png,Iam-0455,k07-134,,,,
/directory/IAM/Forms/k07-141.png,Iam-0455,k07-141,,,,
/directory/IAM/Forms/k07-146.png,Iam-0455,k07-146,,,,
/directory/IAM/Forms/k07-152.png,Iam-0456,k07-152,,,,
/directory/IAM/Forms/k07-158.png,Iam-0456,k07-158,,,,
/directory/IAM/Forms/k07-166.png,Iam-0456,k07-166,,,,
/directory/IAM/Forms/k07-176.png,Iam-0456,k07-176,,,,
/directory/IAM/Forms/k07-185.png,Iam-0456,k07-185,,,,
/directory/IAM/Forms/l01-000.png,Iam-0457,l01-000,,,,
/directory/IAM/Forms/l01-007.png,Iam-0458,l01-007,,,,
/directory/IAM/Forms/l01-016.png,Iam-0458,l01-016,,,,
/directory/IAM/Forms/l01-023.png,Iam-0458,l01-023,,,,
/directory/IAM/Forms/l01-030.png,Iam-0459,l01-030,,,,
/directory/IAM/Forms/l01-050.png,Iam-0460,l01-050,,,,
/directory/IAM/Forms/l01-065.png,Iam-0461,l01-065,,,,
/directory/IAM/Forms/l01-082.png,Iam-0462,l01-082,,,,
/directory/IAM/Forms/l01-095.png,Iam-0463,l01-095,,,,
/directory/IAM/Forms/l01-105.png,Iam-0464,l01-105,,,,
/directory/IAM/Forms/l01-111.png,Iam-0465,l01-111,,,,
/directory/IAM/Forms/l01-119.png,Iam-0466,l01-119,,,,
/directory/IAM/Forms/l01-129.png,Iam-0467,l01-129,,,,
/directory/IAM/Forms/l01-133.png,Iam-0468,l01-133,,,,
/directory/IAM/Forms/l01-143.png,Iam-0469,l01-143,,,,
/directory/IAM/Forms/l01-157.png,Iam-0470,l01-157,,,,
/directory/IAM/Forms/l01-173.png,Iam-0471,l01-173,,,,
/directory/IAM/Forms/l01-179.png,Iam-0472,l01-179,,,,
/directory/IAM/Forms/l01-187.png,Iam-0473,l01-187,,,,
/directory/IAM/Forms/l01-195.png,Iam-0474,l01-195,,,,
/directory/IAM/Forms/l01-199.png,Iam-0475,l01-199,,,,
/directory/IAM/Forms/l03-000.png,Iam-0476,l03-000,,,,
/directory/IAM/Forms/l03-004.png,Iam-0477,l03-004,,,,
/directory/IAM/Forms/l03-008.png,Iam-0478,l03-008,,,,
/directory/IAM/Forms/l04-000.png,Iam-0479,l04-000,,,,
/directory/IAM/Forms/l04-005.png,Iam-0480,l04-005,,,,
/directory/IAM/Forms/l04-012.png,Iam-0480,l04-012,,,,
/directory/IAM/Forms/l04-020.png,Iam-0481,l04-020,,,,
/directory/IAM/Forms/l04-026.png,Iam-0481,l04-026,,,,
/directory/IAM/Forms/l04-034.png,Iam-0482,l04-034,,,,
/directory/IAM/Forms/l04-043.png,Iam-0482,l04-043,,,,
/directory/IAM/Forms/l04-052.png,Iam-0483,l04-052,,,,
/directory/IAM/Forms/l04-062.png,Iam-0483,l04-062,,,,
/directory/IAM/Forms/l04-066.png,Iam-0484,l04-066,,,,
/directory/IAM/Forms/l04-071.png,Iam-0484,l04-071,,,,
/directory/IAM/Forms/l04-082.png,Iam-0485,l04-082,,,,
/directory/IAM/Forms/l04-087.png,Iam-0486,l04-087,,,,
/directory/IAM/Forms/l04-093.png,Iam-0486,l04-093,,,,
/directory/IAM/Forms/l04-098.png,Iam-0487,l04-098,,,,
/directory/IAM/Forms/l04-102.png,Iam-0487,l04-102,,,,
/directory/IAM/Forms/l04-106.png,Iam-0488,l04-106,,,,
/directory/IAM/Forms/l04-113.png,Iam-0488,l04-113,,,,
/directory/IAM/Forms/l04-118.png,Iam-0489,l04-118,,,,
/directory/IAM/Forms/l04-124.png,Iam-0489,l04-124,,,,
/directory/IAM/Forms/l04-130.png,Iam-0490,l04-130,,,,
/directory/IAM/Forms/l04-136.png,Iam-0490,l04-136,,,,
/directory/IAM/Forms/l04-141.png,Iam-0491,l04-141,,,,
/directory/IAM/Forms/l04-147.png,Iam-0491,l04-147,,,,
/directory/IAM/Forms/l04-153.png,Iam-0492,l04-153,,,,
/directory/IAM/Forms/l04-159.png,Iam-0492,l04-159,,,,
/directory/IAM/Forms/l04-163.png,Iam-0493,l04-163,,,,
/directory/IAM/Forms/l04-170.png,Iam-0493,l04-170,,,,
/directory/IAM/Forms/l04-174.png,Iam-0494,l04-174,,,,
/directory/IAM/Forms/l04-179.png,Iam-0494,l04-179,,,,
/directory/IAM/Forms/l07-052.png,Iam-0495,l07-052,,,,
/directory/IAM/Forms/l07-065.png,Iam-0495,l07-065,,,,
/directory/IAM/Forms/l07-074.png,Iam-0495,l07-074,,,,
/directory/IAM/Forms/l07-080.png,Iam-0496,l07-080,,,,
/directory/IAM/Forms/l07-085.png,Iam-0496,l07-085,,,,
/directory/IAM/Forms/l07-103.png,Iam-0496,l07-103,,,,
/directory/IAM/Forms/l07-111.png,Iam-0496,l07-111,,,,
/directory/IAM/Forms/l07-118.png,Iam-0497,l07-118,,,,
/directory/IAM/Forms/l07-131.png,Iam-0497,l07-131,,,,
/directory/IAM/Forms/l07-135.png,Iam-0497,l07-135,,,,
/directory/IAM/Forms/l07-138.png,Iam-0497,l07-138,,,,
/directory/IAM/Forms/l07-172.png,Iam-0498,l07-172,,,,
/directory/IAM/Forms/l07-176.png,Iam-0498,l07-176,,,,
/directory/IAM/Forms/l07-181.png,Iam-0498,l07-181,,,,
/directory/IAM/Forms/l07-187.png,Iam-0498,l07-187,,,,
/directory/IAM/Forms/l07-190.png,Iam-0498,l07-190,,,,
/directory/IAM/Forms/m01-000.png,Iam-0499,m01-000,,,,
/directory/IAM/Forms/m01-012.png,Iam-0500,m01-012,,,,
/directory/IAM/Forms/m01-017.png,Iam-0501,m01-017,,,,
/directory/IAM/Forms/m01-022.png,Iam-0502,m01-022,,,,
/directory/IAM/Forms/m01-026.png,Iam-0503,m01-026,,,,
/directory/IAM/Forms/m01-032.png,Iam-0504,m01-032,,,,
/directory/IAM/Forms/m01-038.png,Iam-0505,m01-038,,,,
/directory/IAM/Forms/m01-049.png,Iam-0506,m01-049,,,,
/directory/IAM/Forms/m01-060.png,Iam-0508,m01-060,,,,
/directory/IAM/Forms/m01-079.png,Iam-0509,m01-079,,,,
/directory/IAM/Forms/m01-084.png,Iam-0510,m01-084,,,,
/directory/IAM/Forms/m01-090.png,Iam-0511,m01-090,,,,
/directory/IAM/Forms/m01-095.png,Iam-0512,m01-095,,,,
/directory/IAM/Forms/m01-104.png,Iam-0513,m01-104,,,,
/directory/IAM/Forms/m01-121.png,Iam-0513,m01-121,,,,
/directory/IAM/Forms/m01-110.png,Iam-0514,m01-110,,,,
/directory/IAM/Forms/m01-131.png,Iam-0514,m01-131,,,,
/directory/IAM/Forms/m01-115.png,Iam-0515,m01-115,,,,
/directory/IAM/Forms/m01-125.png,Iam-0516,m01-125,,,,
/directory/IAM/Forms/m01-136.png,Iam-0517,m01-136,,,,
/directory/IAM/Forms/m01-149.png,Iam-0518,m01-149,,,,
/directory/IAM/Forms/m01-160.png,Iam-0519,m01-160,,,,
/directory/IAM/Forms/m02-048.png,Iam-0520,m02-048,,,,
/directory/IAM/Forms/m02-052.png,Iam-0521,m02-052,,,,
/directory/IAM/Forms/m02-055.png,Iam-0522,m02-055,,,,
/directory/IAM/Forms/m02-059.png,Iam-0523,m02-059,,,,
/directory/IAM/Forms/m02-066.png,Iam-0524,m02-066,,,,
/directory/IAM/Forms/m02-069.png,Iam-0525,m02-069,,,,
/directory/IAM/Forms/m02-072.png,Iam-0526,m02-072,,,,
/directory/IAM/Forms/m02-075.png,Iam-0527,m02-075,,,,
/directory/IAM/Forms/m02-106.png,Iam-0527,m02-106,,,,
/directory/IAM/Forms/m02-080.png,Iam-0528,m02-080,,,,
/directory/IAM/Forms/m02-083.png,Iam-0529,m02-083,,,,
/directory/IAM/Forms/m02-087.png,Iam-0530,m02-087,,,,
/directory/IAM/Forms/m02-090.png,Iam-0531,m02-090,,,,
/directory/IAM/Forms/m02-095.png,Iam-0532,m02-095,,,,
/directory/IAM/Forms/m02-102.png,Iam-0533,m02-102,,,,
/directory/IAM/Forms/m02-109.png,Iam-0534,m02-109,,,,
/directory/IAM/Forms/m02-112.png,Iam-0535,m02-112,,,,
/directory/IAM/Forms/m03-006.png,Iam-0536,m03-006,,,,
/directory/IAM/Forms/m03-013.png,Iam-0537,m03-013,,,,
/directory/IAM/Forms/m03-020.png,Iam-0538,m03-020,,,,
/directory/IAM/Forms/m03-033.png,Iam-0539,m03-033,,,,
/directory/IAM/Forms/m03-062.png,Iam-0540,m03-062,,,,
/directory/IAM/Forms/m03-095.png,Iam-0541,m03-095,,,,
/directory/IAM/Forms/m03-110.png,Iam-0542,m03-110,,,,
/directory/IAM/Forms/m03-114.png,Iam-0542,m03-114,,,,
/directory/IAM/Forms/m03-118.png,Iam-0543,m03-118,,,,
/directory/IAM/Forms/m04-000.png,Iam-0544,m04-000,,,,
/directory/IAM/Forms/m04-007.png,Iam-0544,m04-007,,,,
/directory/IAM/Forms/m04-012.png,Iam-0544,m04-012,,,,
/directory/IAM/Forms/m04-019.png,Iam-0544,m04-019,,,,
/directory/IAM/Forms/m04-024.png,Iam-0544,m04-024,,,,
/directory/IAM/Forms/m04-030.png,Iam-0545,m04-030,,,,
/directory/IAM/Forms/m04-038.png,Iam-0545,m04-038,,,,
/directory/IAM/Forms/m04-043.png,Iam-0545,m04-043,,,,
/directory/IAM/Forms/m04-061.png,Iam-0545,m04-061,,,,
/directory/IAM/Forms/m04-072.png,Iam-0546,m04-072,,,,
/directory/IAM/Forms/m04-078.png,Iam-0546,m04-078,,,,
/directory/IAM/Forms/m04-081.png,Iam-0546,m04-081,,,,
/directory/IAM/Forms/m04-093.png,Iam-0546,m04-093,,,,
/directory/IAM/Forms/m04-100.png,Iam-0546,m04-100,,,,
/directory/IAM/Forms/m04-107.png,Iam-0547,m04-107,,,,
/directory/IAM/Forms/m04-113.png,Iam-0547,m04-113,,,,
/directory/IAM/Forms/m04-123.png,Iam-0547,m04-123,,,,
/directory/IAM/Forms/m04-131.png,Iam-0547,m04-131,,,,
/directory/IAM/Forms/m04-138.png,Iam-0547,m04-138,,,,
/directory/IAM/Forms/m04-145.png,Iam-0548,m04-145,,,,
/directory/IAM/Forms/m04-152.png,Iam-0548,m04-152,,,,
/directory/IAM/Forms/m04-164.png,Iam-0548,m04-164,,,,
/directory/IAM/Forms/m04-180.png,Iam-0548,m04-180,,,,
/directory/IAM/Forms/m04-251.png,Iam-0548,m04-251,,,,
/directory/IAM/Forms/m04-190.png,Iam-0549,m04-190,,,,
/directory/IAM/Forms/m04-200.png,Iam-0549,m04-200,,,,
/directory/IAM/Forms/m04-209.png,Iam-0549,m04-209,,,,
/directory/IAM/Forms/m04-216.png,Iam-0549,m04-216,,,,
/directory/IAM/Forms/m04-222.png,Iam-0549,m04-222,,,,
/directory/IAM/Forms/m06-031.png,Iam-0552,m06-031,,,,
/directory/IAM/Forms/m06-042.png,Iam-0552,m06-042,,,,
/directory/IAM/Forms/m06-048.png,Iam-0552,m06-048,,,,
/directory/IAM/Forms/m06-056.png,Iam-0552,m06-056,,,,
/directory/IAM/Forms/m06-067.png,Iam-0552,m06-067,,,,
/directory/IAM/Forms/m06-076.png,Iam-0552,m06-076,,,,
/directory/IAM/Forms/m06-083.png,Iam-0552,m06-083,,,,
/directory/IAM/Forms/m06-091.png,Iam-0552,m06-091,,,,
/directory/IAM/Forms/m06-098.png,Iam-0552,m06-098,,,,
/directory/IAM/Forms/m06-106.png,Iam-0552,m06-106,,,,
